source_path,source_kind,source_hash,source_line,source_text,source_line_hash,unit_id,source_start,source_end,disposition,target_file,target_version,target_start,target_end,target_mappings,tests,reason,replacement,evidence
ELIGIBLE.cbl,cobol_program,1b86b3b54531ecac8dcf7d8357d39532ec2bb02af7cb3b24dc9b6871b343899a,1,IDENTIFICATION DIVISION.,a586302efd6f9115339ddab4c82ac6553129a8292297fb7547ca3642465b5142,6bc0cafea7da02bc3f2fc91d7ec99cf6d5a2d3539543e9dd55bbcff703ca10d7,1,1,non_executable,,,,,[],[],"Source comment, declaration header or label; no independent runtime behavior.",,[]
ELIGIBLE.cbl,cobol_program,1b86b3b54531ecac8dcf7d8357d39532ec2bb02af7cb3b24dc9b6871b343899a,2,PROGRAM-ID. ELIGIBLE.,aae4f44ea220be36ae75ed2357d9848791d419ba3dbfdeb4df1a89282b105727,cb5815dce99ae6afcb7d0350b86569c596da35af7e0422c91922f0eb6fec2850,2,2,non_executable,,,,,[],[],"Source comment, declaration header or label; no independent runtime behavior.",,[]
ELIGIBLE.cbl,cobol_program,1b86b3b54531ecac8dcf7d8357d39532ec2bb02af7cb3b24dc9b6871b343899a,3,DATA DIVISION.,b90ed2cd9993aa8639167b60241940117dc2cf39a3314a8254871842869635d7,90acb49d80e0d06e6c504d8a0e820b264005e70b035bdcdf9a4705bbd41e0979,3,3,non_executable,,,,,[],[],"Source comment, declaration header or label; no independent runtime behavior.",,[]
ELIGIBLE.cbl,cobol_program,1b86b3b54531ecac8dcf7d8357d39532ec2bb02af7cb3b24dc9b6871b343899a,4,LINKAGE SECTION.,88af4cedc2bf2875734aca396f345a46899425dd69c77a641c316b1acfec7210,e0a9317f05456a2160ca8b1d06823d6fe99e06634135eaed2e611c492ec19fbd,4,4,non_executable,,,,,[],[],"Source comment, declaration header or label; no independent runtime behavior.",,[]
ELIGIBLE.cbl,cobol_program,1b86b3b54531ecac8dcf7d8357d39532ec2bb02af7cb3b24dc9b6871b343899a,5,COPY LAYOUT.,16149a1e18d05a985e3a1b7ba90ecc3e2941c56939d3d9b040be047f55368139,b8b070241f892fd925c191de30419aec1dca2634401a2b5fb0b754e5229a70a7,5,5,mapped_verified,/workspace/scratch/fa7e706f6ee4/workbench/workbench/reference.py,f0975b5153dad8c8fc817c272c1a08dd99f014e93faa63adda2cf10cc3e843d3,4,13,"[{""end"": 13, ""file"": ""/workspace/scratch/fa7e706f6ee4/workbench/workbench/reference.py"", ""start"": 4, ""version"": ""f0975b5153dad8c8fc817c272c1a08dd99f014e93faa63adda2cf10cc3e843d3""}]","[""case_0000"", ""case_0001"", ""case_0002"", ""case_0003"", ""case_0004"", ""case_0005"", ""case_0006"", ""case_0007"", ""case_0008"", ""case_0009"", ""case_0010"", ""case_0011"", ""case_0012"", ""case_0013"", ""case_0014"", ""case_0015"", ""case_0016"", ""case_0017"", ""case_0018"", ""case_0019"", ""case_0020"", ""case_0021"", ""case_0022"", ""case_0023"", ""case_0024"", ""case_0025"", ""case_0026"", ""case_0027"", ""case_0028"", ""case_0029"", ""case_0030"", ""case_0031"", ""case_0032"", ""case_0033"", ""case_0034"", ""case_0035"", ""case_0036"", ""case_0037"", ""case_0038"", ""case_0039"", ""case_0040"", ""case_0041"", ""case_0042"", ""case_0043"", ""case_0044"", ""case_0045"", ""case_0046"", ""case_0047"", ""case_0048"", ""case_0049"", ""case_0050"", ""case_0051"", ""case_0052"", ""case_0053"", ""case_0054"", ""case_0055"", ""case_0056"", ""case_0057"", ""case_0058"", ""case_0059"", ""case_0060"", ""case_0061"", ""case_0062"", ""case_0063"", ""case_0064"", ""case_0065"", ""case_0066"", ""case_0067"", ""case_0068"", ""case_0069"", ""case_0070"", ""case_0071"", ""case_0072"", ""case_0073"", ""case_0074"", ""case_0075"", ""case_0076"", ""case_0077"", ""case_0078"", ""case_0079"", ""case_0080"", ""case_0081"", ""case_0082"", ""case_0083"", ""case_0084"", ""case_0085"", ""case_0086"", ""case_0087"", ""case_0088"", ""case_0089"", ""case_0090"", ""case_0091"", ""case_0092"", ""case_0093"", ""case_0094"", ""case_0095"", ""case_0096"", ""case_0097"", ""case_0098"", ""case_0099"", ""case_0100"", ""case_0101"", ""case_0102"", ""case_0103"", ""case_0104"", ""case_0105"", ""case_0106"", ""case_0107"", ""case_0108"", ""case_0109"", ""case_0110"", ""case_0111"", ""case_0112"", ""case_0113"", ""case_0114"", ""case_0115"", ""case_0116"", ""case_0117"", ""case_0118"", ""case_0119"", ""case_0120"", ""case_0121"", ""case_0122"", ""case_0123"", ""case_0124"", ""case_0125"", ""case_0126"", ""case_0127"", ""case_0128"", ""case_0129"", ""case_0130"", ""case_0131"", ""case_0132"", ""case_0133"", ""case_0134"", ""case_0135"", ""case_0136"", ""case_0137"", ""case_0138"", ""case_0139"", ""case_0140"", ""case_0141"", ""case_0142"", ""case_0143"", ""case_0144"", ""case_0145"", ""case_0146"", ""case_0147"", ""case_0148"", ""case_0149"", ""case_0150"", ""case_0151"", ""case_0152"", ""case_0153"", ""case_0154"", ""case_0155"", ""case_0156"", ""case_0157"", ""case_0158"", ""case_0159"", ""case_0160"", ""case_0161"", ""case_0162"", ""case_0163"", ""case_0164"", ""case_0165"", ""case_0166"", ""case_0167"", ""case_0168"", ""case_0169"", ""case_0170"", ""case_0171"", ""case_0172"", ""case_0173"", ""case_0174"", ""case_0175"", ""case_0176"", ""case_0177"", ""case_0178"", ""case_0179"", ""case_0180"", ""case_0181"", ""case_0182"", ""case_0183"", ""case_0184"", ""case_0185"", ""case_0186"", ""case_0187"", ""case_0188"", ""case_0189"", ""case_0190"", ""case_0191"", ""case_0192"", ""case_0193"", ""case_0194"", ""case_0195"", ""case_0196"", ""case_0197"", ""case_0198"", ""case_0199"", ""case_0200"", ""case_0201"", ""case_0202"", ""case_0203"", ""case_0204"", ""case_0205"", ""case_0206"", ""case_0207"", ""case_0208"", ""case_0209"", ""case_0210"", ""case_0211"", ""case_0212"", ""case_0213"", ""case_0214"", ""case_0215"", ""case_0216"", ""case_0217"", ""case_0218"", ""case_0219"", ""case_0220"", ""case_0221"", ""case_0222"", ""case_0223"", ""case_0224"", ""case_0225"", ""case_0226"", ""case_0227"", ""case_0228"", ""case_0229"", ""case_0230"", ""case_0231"", ""case_0232"", ""case_0233"", ""case_0234"", ""case_0235"", ""case_0236"", ""case_0237"", ""case_0238"", ""case_0239"", ""case_0240"", ""case_0241"", ""case_0242"", ""case_0243"", ""case_0244"", ""case_0245"", ""case_0246"", ""case_0247"", ""case_0248"", ""case_0249"", ""case_0250"", ""case_0251"", ""case_0252"", ""case_0253"", ""case_0254"", ""case_0255""]","SME-confirmed source IR, reproduced frozen synthetic expectations and matching target outputs; bounded local evidence.",,"[{""file"": ""processes/example-reuse/synthetic/run-0001/ELIGIBLE/expected.json"", ""kind"": ""frozen_source_expectations"", ""sha256"": ""72fb1cc3d28079c1997cf3e1886f949d093e4a6fc9ceaeb9df3112401f2538e3""}, {""file"": ""processes/example-reuse/synthetic/run-0001/ELIGIBLE/actual-and-comparison.json"", ""kind"": ""reproduced_target_comparison"", ""sha256"": ""e63e2e21489235c788e57313cbf47d45a75d865d76e83922ed40fa77f3b1b3d7""}, {""file"": ""processes/example-reuse/target/run-0001/ELIGIBLE.py"", ""kind"": ""executed_target_version"", ""sha256"": ""d3ee5b44a3fa4e38821cffd8fccd948b80f52e392c69a61c108792206ce67f1f""}]"
ELIGIBLE.cbl,cobol_program,1b86b3b54531ecac8dcf7d8357d39532ec2bb02af7cb3b24dc9b6871b343899a,6,PROCEDURE DIVISION USING CUSTOMER-RECORD REFERRAL-RECORD.,750e16a32ce0a28e343abb0064e28356ef34ef8691d5efebbc8cdbc91fafce01,3468977e1b6e6e262753acdaf129abe19f5b87c77da0885d8966089cdeda134a,6,6,non_executable,,,,,[],[],"Source comment, declaration header or label; no independent runtime behavior.",,[]
ELIGIBLE.cbl,cobol_program,1b86b3b54531ecac8dcf7d8357d39532ec2bb02af7cb3b24dc9b6871b343899a,7,  IF AGE >= 18,a06252f3adb0091cc0459ee5a443028a67fa52961e34c7cf20366f03bf92d589,54443ff36853447f975403c2c84190c1885b635fe4676e9bbb3dfbe1df4ee547,7,11,mapped_verified,shared/target/python/d3ee5b44a3fa4e38821cffd8fccd948b80f52e392c69a61c108792206ce67f1f.py,d3ee5b44a3fa4e38821cffd8fccd948b80f52e392c69a61c108792206ce67f1f,7,12,"[{""end"": 12, ""file"": ""shared/target/python/d3ee5b44a3fa4e38821cffd8fccd948b80f52e392c69a61c108792206ce67f1f.py"", ""start"": 7, ""version"": ""d3ee5b44a3fa4e38821cffd8fccd948b80f52e392c69a61c108792206ce67f1f""}]","[""case_0000"", ""case_0001"", ""case_0002"", ""case_0003"", ""case_0004"", ""case_0005"", ""case_0006"", ""case_0007"", ""case_0008"", ""case_0009"", ""case_0010"", ""case_0011"", ""case_0012"", ""case_0013"", ""case_0014"", ""case_0015"", ""case_0016"", ""case_0017"", ""case_0018"", ""case_0019"", ""case_0020"", ""case_0021"", ""case_0022"", ""case_0023"", ""case_0024"", ""case_0025"", ""case_0026"", ""case_0027"", ""case_0028"", ""case_0029"", ""case_0030"", ""case_0031"", ""case_0032"", ""case_0033"", ""case_0034"", ""case_0035"", ""case_0036"", ""case_0037"", ""case_0038"", ""case_0039"", ""case_0040"", ""case_0041"", ""case_0042"", ""case_0043"", ""case_0044"", ""case_0045"", ""case_0046"", ""case_0047"", ""case_0048"", ""case_0049"", ""case_0050"", ""case_0051"", ""case_0052"", ""case_0053"", ""case_0054"", ""case_0055"", ""case_0056"", ""case_0057"", ""case_0058"", ""case_0059"", ""case_0060"", ""case_0061"", ""case_0062"", ""case_0063"", ""case_0064"", ""case_0065"", ""case_0066"", ""case_0067"", ""case_0068"", ""case_0069"", ""case_0070"", ""case_0071"", ""case_0072"", ""case_0073"", ""case_0074"", ""case_0075"", ""case_0076"", ""case_0077"", ""case_0078"", ""case_0079"", ""case_0080"", ""case_0081"", ""case_0082"", ""case_0083"", ""case_0084"", ""case_0085"", ""case_0086"", ""case_0087"", ""case_0088"", ""case_0089"", ""case_0090"", ""case_0091"", ""case_0092"", ""case_0093"", ""case_0094"", ""case_0095"", ""case_0096"", ""case_0097"", ""case_0098"", ""case_0099"", ""case_0100"", ""case_0101"", ""case_0102"", ""case_0103"", ""case_0104"", ""case_0105"", ""case_0106"", ""case_0107"", ""case_0108"", ""case_0109"", ""case_0110"", ""case_0111"", ""case_0112"", ""case_0113"", ""case_0114"", ""case_0115"", ""case_0116"", ""case_0117"", ""case_0118"", ""case_0119"", ""case_0120"", ""case_0121"", ""case_0122"", ""case_0123"", ""case_0124"", ""case_0125"", ""case_0126"", ""case_0127"", ""case_0128"", ""case_0129"", ""case_0130"", ""case_0131"", ""case_0132"", ""case_0133"", ""case_0134"", ""case_0135"", ""case_0136"", ""case_0137"", ""case_0138"", ""case_0139"", ""case_0140"", ""case_0141"", ""case_0142"", ""case_0143"", ""case_0144"", ""case_0145"", ""case_0146"", ""case_0147"", ""case_0148"", ""case_0149"", ""case_0150"", ""case_0151"", ""case_0152"", ""case_0153"", ""case_0154"", ""case_0155"", ""case_0156"", ""case_0157"", ""case_0158"", ""case_0159"", ""case_0160"", ""case_0161"", ""case_0162"", ""case_0163"", ""case_0164"", ""case_0165"", ""case_0166"", ""case_0167"", ""case_0168"", ""case_0169"", ""case_0170"", ""case_0171"", ""case_0172"", ""case_0173"", ""case_0174"", ""case_0175"", ""case_0176"", ""case_0177"", ""case_0178"", ""case_0179"", ""case_0180"", ""case_0181"", ""case_0182"", ""case_0183"", ""case_0184"", ""case_0185"", ""case_0186"", ""case_0187"", ""case_0188"", ""case_0189"", ""case_0190"", ""case_0191"", ""case_0192"", ""case_0193"", ""case_0194"", ""case_0195"", ""case_0196"", ""case_0197"", ""case_0198"", ""case_0199"", ""case_0200"", ""case_0201"", ""case_0202"", ""case_0203"", ""case_0204"", ""case_0205"", ""case_0206"", ""case_0207"", ""case_0208"", ""case_0209"", ""case_0210"", ""case_0211"", ""case_0212"", ""case_0213"", ""case_0214"", ""case_0215"", ""case_0216"", ""case_0217"", ""case_0218"", ""case_0219"", ""case_0220"", ""case_0221"", ""case_0222"", ""case_0223"", ""case_0224"", ""case_0225"", ""case_0226"", ""case_0227"", ""case_0228"", ""case_0229"", ""case_0230"", ""case_0231"", ""case_0232"", ""case_0233"", ""case_0234"", ""case_0235"", ""case_0236"", ""case_0237"", ""case_0238"", ""case_0239"", ""case_0240"", ""case_0241"", ""case_0242"", ""case_0243"", ""case_0244"", ""case_0245"", ""case_0246"", ""case_0247"", ""case_0248"", ""case_0249"", ""case_0250"", ""case_0251"", ""case_0252"", ""case_0253"", ""case_0254"", ""case_0255""]","SME-confirmed source IR, reproduced frozen synthetic expectations and matching target outputs; bounded local evidence.",,"[{""file"": ""processes/example-reuse/synthetic/run-0001/ELIGIBLE/expected.json"", ""kind"": ""frozen_source_expectations"", ""sha256"": ""72fb1cc3d28079c1997cf3e1886f949d093e4a6fc9ceaeb9df3112401f2538e3""}, {""file"": ""processes/example-reuse/synthetic/run-0001/ELIGIBLE/actual-and-comparison.json"", ""kind"": ""reproduced_target_comparison"", ""sha256"": ""e63e2e21489235c788e57313cbf47d45a75d865d76e83922ed40fa77f3b1b3d7""}, {""file"": ""processes/example-reuse/target/run-0001/ELIGIBLE.py"", ""kind"": ""executed_target_version"", ""sha256"": ""d3ee5b44a3fa4e38821cffd8fccd948b80f52e392c69a61c108792206ce67f1f""}]"
ELIGIBLE.cbl,cobol_program,1b86b3b54531ecac8dcf7d8357d39532ec2bb02af7cb3b24dc9b6871b343899a,8,"    MOVE ""Y"" TO DECISION",fde5c751b44ed35960c366d2107b56c7fdd7f4d4cfd75a48a4007b71307c016d,54443ff36853447f975403c2c84190c1885b635fe4676e9bbb3dfbe1df4ee547,7,11,mapped_verified,shared/target/python/d3ee5b44a3fa4e38821cffd8fccd948b80f52e392c69a61c108792206ce67f1f.py,d3ee5b44a3fa4e38821cffd8fccd948b80f52e392c69a61c108792206ce67f1f,7,12,"[{""end"": 12, ""file"": ""shared/target/python/d3ee5b44a3fa4e38821cffd8fccd948b80f52e392c69a61c108792206ce67f1f.py"", ""start"": 7, ""version"": ""d3ee5b44a3fa4e38821cffd8fccd948b80f52e392c69a61c108792206ce67f1f""}]","[""case_0000"", ""case_0001"", ""case_0002"", ""case_0003"", ""case_0004"", ""case_0005"", ""case_0006"", ""case_0007"", ""case_0008"", ""case_0009"", ""case_0010"", ""case_0011"", ""case_0012"", ""case_0013"", ""case_0014"", ""case_0015"", ""case_0016"", ""case_0017"", ""case_0018"", ""case_0019"", ""case_0020"", ""case_0021"", ""case_0022"", ""case_0023"", ""case_0024"", ""case_0025"", ""case_0026"", ""case_0027"", ""case_0028"", ""case_0029"", ""case_0030"", ""case_0031"", ""case_0032"", ""case_0033"", ""case_0034"", ""case_0035"", ""case_0036"", ""case_0037"", ""case_0038"", ""case_0039"", ""case_0040"", ""case_0041"", ""case_0042"", ""case_0043"", ""case_0044"", ""case_0045"", ""case_0046"", ""case_0047"", ""case_0048"", ""case_0049"", ""case_0050"", ""case_0051"", ""case_0052"", ""case_0053"", ""case_0054"", ""case_0055"", ""case_0056"", ""case_0057"", ""case_0058"", ""case_0059"", ""case_0060"", ""case_0061"", ""case_0062"", ""case_0063"", ""case_0064"", ""case_0065"", ""case_0066"", ""case_0067"", ""case_0068"", ""case_0069"", ""case_0070"", ""case_0071"", ""case_0072"", ""case_0073"", ""case_0074"", ""case_0075"", ""case_0076"", ""case_0077"", ""case_0078"", ""case_0079"", ""case_0080"", ""case_0081"", ""case_0082"", ""case_0083"", ""case_0084"", ""case_0085"", ""case_0086"", ""case_0087"", ""case_0088"", ""case_0089"", ""case_0090"", ""case_0091"", ""case_0092"", ""case_0093"", ""case_0094"", ""case_0095"", ""case_0096"", ""case_0097"", ""case_0098"", ""case_0099"", ""case_0100"", ""case_0101"", ""case_0102"", ""case_0103"", ""case_0104"", ""case_0105"", ""case_0106"", ""case_0107"", ""case_0108"", ""case_0109"", ""case_0110"", ""case_0111"", ""case_0112"", ""case_0113"", ""case_0114"", ""case_0115"", ""case_0116"", ""case_0117"", ""case_0118"", ""case_0119"", ""case_0120"", ""case_0121"", ""case_0122"", ""case_0123"", ""case_0124"", ""case_0125"", ""case_0126"", ""case_0127"", ""case_0128"", ""case_0129"", ""case_0130"", ""case_0131"", ""case_0132"", ""case_0133"", ""case_0134"", ""case_0135"", ""case_0136"", ""case_0137"", ""case_0138"", ""case_0139"", ""case_0140"", ""case_0141"", ""case_0142"", ""case_0143"", ""case_0144"", ""case_0145"", ""case_0146"", ""case_0147"", ""case_0148"", ""case_0149"", ""case_0150"", ""case_0151"", ""case_0152"", ""case_0153"", ""case_0154"", ""case_0155"", ""case_0156"", ""case_0157"", ""case_0158"", ""case_0159"", ""case_0160"", ""case_0161"", ""case_0162"", ""case_0163"", ""case_0164"", ""case_0165"", ""case_0166"", ""case_0167"", ""case_0168"", ""case_0169"", ""case_0170"", ""case_0171"", ""case_0172"", ""case_0173"", ""case_0174"", ""case_0175"", ""case_0176"", ""case_0177"", ""case_0178"", ""case_0179"", ""case_0180"", ""case_0181"", ""case_0182"", ""case_0183"", ""case_0184"", ""case_0185"", ""case_0186"", ""case_0187"", ""case_0188"", ""case_0189"", ""case_0190"", ""case_0191"", ""case_0192"", ""case_0193"", ""case_0194"", ""case_0195"", ""case_0196"", ""case_0197"", ""case_0198"", ""case_0199"", ""case_0200"", ""case_0201"", ""case_0202"", ""case_0203"", ""case_0204"", ""case_0205"", ""case_0206"", ""case_0207"", ""case_0208"", ""case_0209"", ""case_0210"", ""case_0211"", ""case_0212"", ""case_0213"", ""case_0214"", ""case_0215"", ""case_0216"", ""case_0217"", ""case_0218"", ""case_0219"", ""case_0220"", ""case_0221"", ""case_0222"", ""case_0223"", ""case_0224"", ""case_0225"", ""case_0226"", ""case_0227"", ""case_0228"", ""case_0229"", ""case_0230"", ""case_0231"", ""case_0232"", ""case_0233"", ""case_0234"", ""case_0235"", ""case_0236"", ""case_0237"", ""case_0238"", ""case_0239"", ""case_0240"", ""case_0241"", ""case_0242"", ""case_0243"", ""case_0244"", ""case_0245"", ""case_0246"", ""case_0247"", ""case_0248"", ""case_0249"", ""case_0250"", ""case_0251"", ""case_0252"", ""case_0253"", ""case_0254"", ""case_0255""]","SME-confirmed source IR, reproduced frozen synthetic expectations and matching target outputs; bounded local evidence.",,"[{""file"": ""processes/example-reuse/synthetic/run-0001/ELIGIBLE/expected.json"", ""kind"": ""frozen_source_expectations"", ""sha256"": ""72fb1cc3d28079c1997cf3e1886f949d093e4a6fc9ceaeb9df3112401f2538e3""}, {""file"": ""processes/example-reuse/synthetic/run-0001/ELIGIBLE/actual-and-comparison.json"", ""kind"": ""reproduced_target_comparison"", ""sha256"": ""e63e2e21489235c788e57313cbf47d45a75d865d76e83922ed40fa77f3b1b3d7""}, {""file"": ""processes/example-reuse/target/run-0001/ELIGIBLE.py"", ""kind"": ""executed_target_version"", ""sha256"": ""d3ee5b44a3fa4e38821cffd8fccd948b80f52e392c69a61c108792206ce67f1f""}]"
ELIGIBLE.cbl,cobol_program,1b86b3b54531ecac8dcf7d8357d39532ec2bb02af7cb3b24dc9b6871b343899a,9,  ELSE,f413ae9be557c98d16fffae75bfcd07b1b019c4a32c7c2cb742d19fc99222317,54443ff36853447f975403c2c84190c1885b635fe4676e9bbb3dfbe1df4ee547,7,11,mapped_verified,shared/target/python/d3ee5b44a3fa4e38821cffd8fccd948b80f52e392c69a61c108792206ce67f1f.py,d3ee5b44a3fa4e38821cffd8fccd948b80f52e392c69a61c108792206ce67f1f,7,12,"[{""end"": 12, ""file"": ""shared/target/python/d3ee5b44a3fa4e38821cffd8fccd948b80f52e392c69a61c108792206ce67f1f.py"", ""start"": 7, ""version"": ""d3ee5b44a3fa4e38821cffd8fccd948b80f52e392c69a61c108792206ce67f1f""}]","[""case_0000"", ""case_0001"", ""case_0002"", ""case_0003"", ""case_0004"", ""case_0005"", ""case_0006"", ""case_0007"", ""case_0008"", ""case_0009"", ""case_0010"", ""case_0011"", ""case_0012"", ""case_0013"", ""case_0014"", ""case_0015"", ""case_0016"", ""case_0017"", ""case_0018"", ""case_0019"", ""case_0020"", ""case_0021"", ""case_0022"", ""case_0023"", ""case_0024"", ""case_0025"", ""case_0026"", ""case_0027"", ""case_0028"", ""case_0029"", ""case_0030"", ""case_0031"", ""case_0032"", ""case_0033"", ""case_0034"", ""case_0035"", ""case_0036"", ""case_0037"", ""case_0038"", ""case_0039"", ""case_0040"", ""case_0041"", ""case_0042"", ""case_0043"", ""case_0044"", ""case_0045"", ""case_0046"", ""case_0047"", ""case_0048"", ""case_0049"", ""case_0050"", ""case_0051"", ""case_0052"", ""case_0053"", ""case_0054"", ""case_0055"", ""case_0056"", ""case_0057"", ""case_0058"", ""case_0059"", ""case_0060"", ""case_0061"", ""case_0062"", ""case_0063"", ""case_0064"", ""case_0065"", ""case_0066"", ""case_0067"", ""case_0068"", ""case_0069"", ""case_0070"", ""case_0071"", ""case_0072"", ""case_0073"", ""case_0074"", ""case_0075"", ""case_0076"", ""case_0077"", ""case_0078"", ""case_0079"", ""case_0080"", ""case_0081"", ""case_0082"", ""case_0083"", ""case_0084"", ""case_0085"", ""case_0086"", ""case_0087"", ""case_0088"", ""case_0089"", ""case_0090"", ""case_0091"", ""case_0092"", ""case_0093"", ""case_0094"", ""case_0095"", ""case_0096"", ""case_0097"", ""case_0098"", ""case_0099"", ""case_0100"", ""case_0101"", ""case_0102"", ""case_0103"", ""case_0104"", ""case_0105"", ""case_0106"", ""case_0107"", ""case_0108"", ""case_0109"", ""case_0110"", ""case_0111"", ""case_0112"", ""case_0113"", ""case_0114"", ""case_0115"", ""case_0116"", ""case_0117"", ""case_0118"", ""case_0119"", ""case_0120"", ""case_0121"", ""case_0122"", ""case_0123"", ""case_0124"", ""case_0125"", ""case_0126"", ""case_0127"", ""case_0128"", ""case_0129"", ""case_0130"", ""case_0131"", ""case_0132"", ""case_0133"", ""case_0134"", ""case_0135"", ""case_0136"", ""case_0137"", ""case_0138"", ""case_0139"", ""case_0140"", ""case_0141"", ""case_0142"", ""case_0143"", ""case_0144"", ""case_0145"", ""case_0146"", ""case_0147"", ""case_0148"", ""case_0149"", ""case_0150"", ""case_0151"", ""case_0152"", ""case_0153"", ""case_0154"", ""case_0155"", ""case_0156"", ""case_0157"", ""case_0158"", ""case_0159"", ""case_0160"", ""case_0161"", ""case_0162"", ""case_0163"", ""case_0164"", ""case_0165"", ""case_0166"", ""case_0167"", ""case_0168"", ""case_0169"", ""case_0170"", ""case_0171"", ""case_0172"", ""case_0173"", ""case_0174"", ""case_0175"", ""case_0176"", ""case_0177"", ""case_0178"", ""case_0179"", ""case_0180"", ""case_0181"", ""case_0182"", ""case_0183"", ""case_0184"", ""case_0185"", ""case_0186"", ""case_0187"", ""case_0188"", ""case_0189"", ""case_0190"", ""case_0191"", ""case_0192"", ""case_0193"", ""case_0194"", ""case_0195"", ""case_0196"", ""case_0197"", ""case_0198"", ""case_0199"", ""case_0200"", ""case_0201"", ""case_0202"", ""case_0203"", ""case_0204"", ""case_0205"", ""case_0206"", ""case_0207"", ""case_0208"", ""case_0209"", ""case_0210"", ""case_0211"", ""case_0212"", ""case_0213"", ""case_0214"", ""case_0215"", ""case_0216"", ""case_0217"", ""case_0218"", ""case_0219"", ""case_0220"", ""case_0221"", ""case_0222"", ""case_0223"", ""case_0224"", ""case_0225"", ""case_0226"", ""case_0227"", ""case_0228"", ""case_0229"", ""case_0230"", ""case_0231"", ""case_0232"", ""case_0233"", ""case_0234"", ""case_0235"", ""case_0236"", ""case_0237"", ""case_0238"", ""case_0239"", ""case_0240"", ""case_0241"", ""case_0242"", ""case_0243"", ""case_0244"", ""case_0245"", ""case_0246"", ""case_0247"", ""case_0248"", ""case_0249"", ""case_0250"", ""case_0251"", ""case_0252"", ""case_0253"", ""case_0254"", ""case_0255""]","SME-confirmed source IR, reproduced frozen synthetic expectations and matching target outputs; bounded local evidence.",,"[{""file"": ""processes/example-reuse/synthetic/run-0001/ELIGIBLE/expected.json"", ""kind"": ""frozen_source_expectations"", ""sha256"": ""72fb1cc3d28079c1997cf3e1886f949d093e4a6fc9ceaeb9df3112401f2538e3""}, {""file"": ""processes/example-reuse/synthetic/run-0001/ELIGIBLE/actual-and-comparison.json"", ""kind"": ""reproduced_target_comparison"", ""sha256"": ""e63e2e21489235c788e57313cbf47d45a75d865d76e83922ed40fa77f3b1b3d7""}, {""file"": ""processes/example-reuse/target/run-0001/ELIGIBLE.py"", ""kind"": ""executed_target_version"", ""sha256"": ""d3ee5b44a3fa4e38821cffd8fccd948b80f52e392c69a61c108792206ce67f1f""}]"
ELIGIBLE.cbl,cobol_program,1b86b3b54531ecac8dcf7d8357d39532ec2bb02af7cb3b24dc9b6871b343899a,10,"    MOVE ""N"" TO DECISION",d38e39df4884be6c1ecc9fa14d3f506058ca43835cd56d67d5d87432bb6f8b8a,54443ff36853447f975403c2c84190c1885b635fe4676e9bbb3dfbe1df4ee547,7,11,mapped_verified,shared/target/python/d3ee5b44a3fa4e38821cffd8fccd948b80f52e392c69a61c108792206ce67f1f.py,d3ee5b44a3fa4e38821cffd8fccd948b80f52e392c69a61c108792206ce67f1f,7,12,"[{""end"": 12, ""file"": ""shared/target/python/d3ee5b44a3fa4e38821cffd8fccd948b80f52e392c69a61c108792206ce67f1f.py"", ""start"": 7, ""version"": ""d3ee5b44a3fa4e38821cffd8fccd948b80f52e392c69a61c108792206ce67f1f""}]","[""case_0000"", ""case_0001"", ""case_0002"", ""case_0003"", ""case_0004"", ""case_0005"", ""case_0006"", ""case_0007"", ""case_0008"", ""case_0009"", ""case_0010"", ""case_0011"", ""case_0012"", ""case_0013"", ""case_0014"", ""case_0015"", ""case_0016"", ""case_0017"", ""case_0018"", ""case_0019"", ""case_0020"", ""case_0021"", ""case_0022"", ""case_0023"", ""case_0024"", ""case_0025"", ""case_0026"", ""case_0027"", ""case_0028"", ""case_0029"", ""case_0030"", ""case_0031"", ""case_0032"", ""case_0033"", ""case_0034"", ""case_0035"", ""case_0036"", ""case_0037"", ""case_0038"", ""case_0039"", ""case_0040"", ""case_0041"", ""case_0042"", ""case_0043"", ""case_0044"", ""case_0045"", ""case_0046"", ""case_0047"", ""case_0048"", ""case_0049"", ""case_0050"", ""case_0051"", ""case_0052"", ""case_0053"", ""case_0054"", ""case_0055"", ""case_0056"", ""case_0057"", ""case_0058"", ""case_0059"", ""case_0060"", ""case_0061"", ""case_0062"", ""case_0063"", ""case_0064"", ""case_0065"", ""case_0066"", ""case_0067"", ""case_0068"", ""case_0069"", ""case_0070"", ""case_0071"", ""case_0072"", ""case_0073"", ""case_0074"", ""case_0075"", ""case_0076"", ""case_0077"", ""case_0078"", ""case_0079"", ""case_0080"", ""case_0081"", ""case_0082"", ""case_0083"", ""case_0084"", ""case_0085"", ""case_0086"", ""case_0087"", ""case_0088"", ""case_0089"", ""case_0090"", ""case_0091"", ""case_0092"", ""case_0093"", ""case_0094"", ""case_0095"", ""case_0096"", ""case_0097"", ""case_0098"", ""case_0099"", ""case_0100"", ""case_0101"", ""case_0102"", ""case_0103"", ""case_0104"", ""case_0105"", ""case_0106"", ""case_0107"", ""case_0108"", ""case_0109"", ""case_0110"", ""case_0111"", ""case_0112"", ""case_0113"", ""case_0114"", ""case_0115"", ""case_0116"", ""case_0117"", ""case_0118"", ""case_0119"", ""case_0120"", ""case_0121"", ""case_0122"", ""case_0123"", ""case_0124"", ""case_0125"", ""case_0126"", ""case_0127"", ""case_0128"", ""case_0129"", ""case_0130"", ""case_0131"", ""case_0132"", ""case_0133"", ""case_0134"", ""case_0135"", ""case_0136"", ""case_0137"", ""case_0138"", ""case_0139"", ""case_0140"", ""case_0141"", ""case_0142"", ""case_0143"", ""case_0144"", ""case_0145"", ""case_0146"", ""case_0147"", ""case_0148"", ""case_0149"", ""case_0150"", ""case_0151"", ""case_0152"", ""case_0153"", ""case_0154"", ""case_0155"", ""case_0156"", ""case_0157"", ""case_0158"", ""case_0159"", ""case_0160"", ""case_0161"", ""case_0162"", ""case_0163"", ""case_0164"", ""case_0165"", ""case_0166"", ""case_0167"", ""case_0168"", ""case_0169"", ""case_0170"", ""case_0171"", ""case_0172"", ""case_0173"", ""case_0174"", ""case_0175"", ""case_0176"", ""case_0177"", ""case_0178"", ""case_0179"", ""case_0180"", ""case_0181"", ""case_0182"", ""case_0183"", ""case_0184"", ""case_0185"", ""case_0186"", ""case_0187"", ""case_0188"", ""case_0189"", ""case_0190"", ""case_0191"", ""case_0192"", ""case_0193"", ""case_0194"", ""case_0195"", ""case_0196"", ""case_0197"", ""case_0198"", ""case_0199"", ""case_0200"", ""case_0201"", ""case_0202"", ""case_0203"", ""case_0204"", ""case_0205"", ""case_0206"", ""case_0207"", ""case_0208"", ""case_0209"", ""case_0210"", ""case_0211"", ""case_0212"", ""case_0213"", ""case_0214"", ""case_0215"", ""case_0216"", ""case_0217"", ""case_0218"", ""case_0219"", ""case_0220"", ""case_0221"", ""case_0222"", ""case_0223"", ""case_0224"", ""case_0225"", ""case_0226"", ""case_0227"", ""case_0228"", ""case_0229"", ""case_0230"", ""case_0231"", ""case_0232"", ""case_0233"", ""case_0234"", ""case_0235"", ""case_0236"", ""case_0237"", ""case_0238"", ""case_0239"", ""case_0240"", ""case_0241"", ""case_0242"", ""case_0243"", ""case_0244"", ""case_0245"", ""case_0246"", ""case_0247"", ""case_0248"", ""case_0249"", ""case_0250"", ""case_0251"", ""case_0252"", ""case_0253"", ""case_0254"", ""case_0255""]","SME-confirmed source IR, reproduced frozen synthetic expectations and matching target outputs; bounded local evidence.",,"[{""file"": ""processes/example-reuse/synthetic/run-0001/ELIGIBLE/expected.json"", ""kind"": ""frozen_source_expectations"", ""sha256"": ""72fb1cc3d28079c1997cf3e1886f949d093e4a6fc9ceaeb9df3112401f2538e3""}, {""file"": ""processes/example-reuse/synthetic/run-0001/ELIGIBLE/actual-and-comparison.json"", ""kind"": ""reproduced_target_comparison"", ""sha256"": ""e63e2e21489235c788e57313cbf47d45a75d865d76e83922ed40fa77f3b1b3d7""}, {""file"": ""processes/example-reuse/target/run-0001/ELIGIBLE.py"", ""kind"": ""executed_target_version"", ""sha256"": ""d3ee5b44a3fa4e38821cffd8fccd948b80f52e392c69a61c108792206ce67f1f""}]"
ELIGIBLE.cbl,cobol_program,1b86b3b54531ecac8dcf7d8357d39532ec2bb02af7cb3b24dc9b6871b343899a,11,  END-IF.,edbdf49a85da6daf5d30b099e9813d18765fc6ce6f7cf17ed4c8c12226e88623,54443ff36853447f975403c2c84190c1885b635fe4676e9bbb3dfbe1df4ee547,7,11,mapped_verified,shared/target/python/d3ee5b44a3fa4e38821cffd8fccd948b80f52e392c69a61c108792206ce67f1f.py,d3ee5b44a3fa4e38821cffd8fccd948b80f52e392c69a61c108792206ce67f1f,7,12,"[{""end"": 12, ""file"": ""shared/target/python/d3ee5b44a3fa4e38821cffd8fccd948b80f52e392c69a61c108792206ce67f1f.py"", ""start"": 7, ""version"": ""d3ee5b44a3fa4e38821cffd8fccd948b80f52e392c69a61c108792206ce67f1f""}]","[""case_0000"", ""case_0001"", ""case_0002"", ""case_0003"", ""case_0004"", ""case_0005"", ""case_0006"", ""case_0007"", ""case_0008"", ""case_0009"", ""case_0010"", ""case_0011"", ""case_0012"", ""case_0013"", ""case_0014"", ""case_0015"", ""case_0016"", ""case_0017"", ""case_0018"", ""case_0019"", ""case_0020"", ""case_0021"", ""case_0022"", ""case_0023"", ""case_0024"", ""case_0025"", ""case_0026"", ""case_0027"", ""case_0028"", ""case_0029"", ""case_0030"", ""case_0031"", ""case_0032"", ""case_0033"", ""case_0034"", ""case_0035"", ""case_0036"", ""case_0037"", ""case_0038"", ""case_0039"", ""case_0040"", ""case_0041"", ""case_0042"", ""case_0043"", ""case_0044"", ""case_0045"", ""case_0046"", ""case_0047"", ""case_0048"", ""case_0049"", ""case_0050"", ""case_0051"", ""case_0052"", ""case_0053"", ""case_0054"", ""case_0055"", ""case_0056"", ""case_0057"", ""case_0058"", ""case_0059"", ""case_0060"", ""case_0061"", ""case_0062"", ""case_0063"", ""case_0064"", ""case_0065"", ""case_0066"", ""case_0067"", ""case_0068"", ""case_0069"", ""case_0070"", ""case_0071"", ""case_0072"", ""case_0073"", ""case_0074"", ""case_0075"", ""case_0076"", ""case_0077"", ""case_0078"", ""case_0079"", ""case_0080"", ""case_0081"", ""case_0082"", ""case_0083"", ""case_0084"", ""case_0085"", ""case_0086"", ""case_0087"", ""case_0088"", ""case_0089"", ""case_0090"", ""case_0091"", ""case_0092"", ""case_0093"", ""case_0094"", ""case_0095"", ""case_0096"", ""case_0097"", ""case_0098"", ""case_0099"", ""case_0100"", ""case_0101"", ""case_0102"", ""case_0103"", ""case_0104"", ""case_0105"", ""case_0106"", ""case_0107"", ""case_0108"", ""case_0109"", ""case_0110"", ""case_0111"", ""case_0112"", ""case_0113"", ""case_0114"", ""case_0115"", ""case_0116"", ""case_0117"", ""case_0118"", ""case_0119"", ""case_0120"", ""case_0121"", ""case_0122"", ""case_0123"", ""case_0124"", ""case_0125"", ""case_0126"", ""case_0127"", ""case_0128"", ""case_0129"", ""case_0130"", ""case_0131"", ""case_0132"", ""case_0133"", ""case_0134"", ""case_0135"", ""case_0136"", ""case_0137"", ""case_0138"", ""case_0139"", ""case_0140"", ""case_0141"", ""case_0142"", ""case_0143"", ""case_0144"", ""case_0145"", ""case_0146"", ""case_0147"", ""case_0148"", ""case_0149"", ""case_0150"", ""case_0151"", ""case_0152"", ""case_0153"", ""case_0154"", ""case_0155"", ""case_0156"", ""case_0157"", ""case_0158"", ""case_0159"", ""case_0160"", ""case_0161"", ""case_0162"", ""case_0163"", ""case_0164"", ""case_0165"", ""case_0166"", ""case_0167"", ""case_0168"", ""case_0169"", ""case_0170"", ""case_0171"", ""case_0172"", ""case_0173"", ""case_0174"", ""case_0175"", ""case_0176"", ""case_0177"", ""case_0178"", ""case_0179"", ""case_0180"", ""case_0181"", ""case_0182"", ""case_0183"", ""case_0184"", ""case_0185"", ""case_0186"", ""case_0187"", ""case_0188"", ""case_0189"", ""case_0190"", ""case_0191"", ""case_0192"", ""case_0193"", ""case_0194"", ""case_0195"", ""case_0196"", ""case_0197"", ""case_0198"", ""case_0199"", ""case_0200"", ""case_0201"", ""case_0202"", ""case_0203"", ""case_0204"", ""case_0205"", ""case_0206"", ""case_0207"", ""case_0208"", ""case_0209"", ""case_0210"", ""case_0211"", ""case_0212"", ""case_0213"", ""case_0214"", ""case_0215"", ""case_0216"", ""case_0217"", ""case_0218"", ""case_0219"", ""case_0220"", ""case_0221"", ""case_0222"", ""case_0223"", ""case_0224"", ""case_0225"", ""case_0226"", ""case_0227"", ""case_0228"", ""case_0229"", ""case_0230"", ""case_0231"", ""case_0232"", ""case_0233"", ""case_0234"", ""case_0235"", ""case_0236"", ""case_0237"", ""case_0238"", ""case_0239"", ""case_0240"", ""case_0241"", ""case_0242"", ""case_0243"", ""case_0244"", ""case_0245"", ""case_0246"", ""case_0247"", ""case_0248"", ""case_0249"", ""case_0250"", ""case_0251"", ""case_0252"", ""case_0253"", ""case_0254"", ""case_0255""]","SME-confirmed source IR, reproduced frozen synthetic expectations and matching target outputs; bounded local evidence.",,"[{""file"": ""processes/example-reuse/synthetic/run-0001/ELIGIBLE/expected.json"", ""kind"": ""frozen_source_expectations"", ""sha256"": ""72fb1cc3d28079c1997cf3e1886f949d093e4a6fc9ceaeb9df3112401f2538e3""}, {""file"": ""processes/example-reuse/synthetic/run-0001/ELIGIBLE/actual-and-comparison.json"", ""kind"": ""reproduced_target_comparison"", ""sha256"": ""e63e2e21489235c788e57313cbf47d45a75d865d76e83922ed40fa77f3b1b3d7""}, {""file"": ""processes/example-reuse/target/run-0001/ELIGIBLE.py"", ""kind"": ""executed_target_version"", ""sha256"": ""d3ee5b44a3fa4e38821cffd8fccd948b80f52e392c69a61c108792206ce67f1f""}]"
ELIGIBLE.cbl,cobol_program,1b86b3b54531ecac8dcf7d8357d39532ec2bb02af7cb3b24dc9b6871b343899a,12,"  IF ACTIVE = ""N""",71ce06d1b0f6b5e2a1b15d6d4749e48d655237981afb7160d000957d7395406f,ae0ebc699d5adb666ef7011a5aa45e919f0df70281579dc3e0c5d51b0816e501,12,16,mapped_verified,shared/target/python/d3ee5b44a3fa4e38821cffd8fccd948b80f52e392c69a61c108792206ce67f1f.py,d3ee5b44a3fa4e38821cffd8fccd948b80f52e392c69a61c108792206ce67f1f,13,17,"[{""end"": 17, ""file"": ""shared/target/python/d3ee5b44a3fa4e38821cffd8fccd948b80f52e392c69a61c108792206ce67f1f.py"", ""start"": 13, ""version"": ""d3ee5b44a3fa4e38821cffd8fccd948b80f52e392c69a61c108792206ce67f1f""}]","[""case_0000"", ""case_0001"", ""case_0002"", ""case_0003"", ""case_0004"", ""case_0005"", ""case_0006"", ""case_0007"", ""case_0008"", ""case_0009"", ""case_0010"", ""case_0011"", ""case_0012"", ""case_0013"", ""case_0014"", ""case_0015"", ""case_0016"", ""case_0017"", ""case_0018"", ""case_0019"", ""case_0020"", ""case_0021"", ""case_0022"", ""case_0023"", ""case_0024"", ""case_0025"", ""case_0026"", ""case_0027"", ""case_0028"", ""case_0029"", ""case_0030"", ""case_0031"", ""case_0032"", ""case_0033"", ""case_0034"", ""case_0035"", ""case_0036"", ""case_0037"", ""case_0038"", ""case_0039"", ""case_0040"", ""case_0041"", ""case_0042"", ""case_0043"", ""case_0044"", ""case_0045"", ""case_0046"", ""case_0047"", ""case_0048"", ""case_0049"", ""case_0050"", ""case_0051"", ""case_0052"", ""case_0053"", ""case_0054"", ""case_0055"", ""case_0056"", ""case_0057"", ""case_0058"", ""case_0059"", ""case_0060"", ""case_0061"", ""case_0062"", ""case_0063"", ""case_0064"", ""case_0065"", ""case_0066"", ""case_0067"", ""case_0068"", ""case_0069"", ""case_0070"", ""case_0071"", ""case_0072"", ""case_0073"", ""case_0074"", ""case_0075"", ""case_0076"", ""case_0077"", ""case_0078"", ""case_0079"", ""case_0080"", ""case_0081"", ""case_0082"", ""case_0083"", ""case_0084"", ""case_0085"", ""case_0086"", ""case_0087"", ""case_0088"", ""case_0089"", ""case_0090"", ""case_0091"", ""case_0092"", ""case_0093"", ""case_0094"", ""case_0095"", ""case_0096"", ""case_0097"", ""case_0098"", ""case_0099"", ""case_0100"", ""case_0101"", ""case_0102"", ""case_0103"", ""case_0104"", ""case_0105"", ""case_0106"", ""case_0107"", ""case_0108"", ""case_0109"", ""case_0110"", ""case_0111"", ""case_0112"", ""case_0113"", ""case_0114"", ""case_0115"", ""case_0116"", ""case_0117"", ""case_0118"", ""case_0119"", ""case_0120"", ""case_0121"", ""case_0122"", ""case_0123"", ""case_0124"", ""case_0125"", ""case_0126"", ""case_0127"", ""case_0128"", ""case_0129"", ""case_0130"", ""case_0131"", ""case_0132"", ""case_0133"", ""case_0134"", ""case_0135"", ""case_0136"", ""case_0137"", ""case_0138"", ""case_0139"", ""case_0140"", ""case_0141"", ""case_0142"", ""case_0143"", ""case_0144"", ""case_0145"", ""case_0146"", ""case_0147"", ""case_0148"", ""case_0149"", ""case_0150"", ""case_0151"", ""case_0152"", ""case_0153"", ""case_0154"", ""case_0155"", ""case_0156"", ""case_0157"", ""case_0158"", ""case_0159"", ""case_0160"", ""case_0161"", ""case_0162"", ""case_0163"", ""case_0164"", ""case_0165"", ""case_0166"", ""case_0167"", ""case_0168"", ""case_0169"", ""case_0170"", ""case_0171"", ""case_0172"", ""case_0173"", ""case_0174"", ""case_0175"", ""case_0176"", ""case_0177"", ""case_0178"", ""case_0179"", ""case_0180"", ""case_0181"", ""case_0182"", ""case_0183"", ""case_0184"", ""case_0185"", ""case_0186"", ""case_0187"", ""case_0188"", ""case_0189"", ""case_0190"", ""case_0191"", ""case_0192"", ""case_0193"", ""case_0194"", ""case_0195"", ""case_0196"", ""case_0197"", ""case_0198"", ""case_0199"", ""case_0200"", ""case_0201"", ""case_0202"", ""case_0203"", ""case_0204"", ""case_0205"", ""case_0206"", ""case_0207"", ""case_0208"", ""case_0209"", ""case_0210"", ""case_0211"", ""case_0212"", ""case_0213"", ""case_0214"", ""case_0215"", ""case_0216"", ""case_0217"", ""case_0218"", ""case_0219"", ""case_0220"", ""case_0221"", ""case_0222"", ""case_0223"", ""case_0224"", ""case_0225"", ""case_0226"", ""case_0227"", ""case_0228"", ""case_0229"", ""case_0230"", ""case_0231"", ""case_0232"", ""case_0233"", ""case_0234"", ""case_0235"", ""case_0236"", ""case_0237"", ""case_0238"", ""case_0239"", ""case_0240"", ""case_0241"", ""case_0242"", ""case_0243"", ""case_0244"", ""case_0245"", ""case_0246"", ""case_0247"", ""case_0248"", ""case_0249"", ""case_0250"", ""case_0251"", ""case_0252"", ""case_0253"", ""case_0254"", ""case_0255""]","SME-confirmed source IR, reproduced frozen synthetic expectations and matching target outputs; bounded local evidence.",,"[{""file"": ""processes/example-reuse/synthetic/run-0001/ELIGIBLE/expected.json"", ""kind"": ""frozen_source_expectations"", ""sha256"": ""72fb1cc3d28079c1997cf3e1886f949d093e4a6fc9ceaeb9df3112401f2538e3""}, {""file"": ""processes/example-reuse/synthetic/run-0001/ELIGIBLE/actual-and-comparison.json"", ""kind"": ""reproduced_target_comparison"", ""sha256"": ""e63e2e21489235c788e57313cbf47d45a75d865d76e83922ed40fa77f3b1b3d7""}, {""file"": ""processes/example-reuse/target/run-0001/ELIGIBLE.py"", ""kind"": ""executed_target_version"", ""sha256"": ""d3ee5b44a3fa4e38821cffd8fccd948b80f52e392c69a61c108792206ce67f1f""}]"
ELIGIBLE.cbl,cobol_program,1b86b3b54531ecac8dcf7d8357d39532ec2bb02af7cb3b24dc9b6871b343899a,13,"    MOVE ""N"" TO DECISION",d38e39df4884be6c1ecc9fa14d3f506058ca43835cd56d67d5d87432bb6f8b8a,ae0ebc699d5adb666ef7011a5aa45e919f0df70281579dc3e0c5d51b0816e501,12,16,mapped_verified,shared/target/python/d3ee5b44a3fa4e38821cffd8fccd948b80f52e392c69a61c108792206ce67f1f.py,d3ee5b44a3fa4e38821cffd8fccd948b80f52e392c69a61c108792206ce67f1f,13,17,"[{""end"": 17, ""file"": ""shared/target/python/d3ee5b44a3fa4e38821cffd8fccd948b80f52e392c69a61c108792206ce67f1f.py"", ""start"": 13, ""version"": ""d3ee5b44a3fa4e38821cffd8fccd948b80f52e392c69a61c108792206ce67f1f""}]","[""case_0000"", ""case_0001"", ""case_0002"", ""case_0003"", ""case_0004"", ""case_0005"", ""case_0006"", ""case_0007"", ""case_0008"", ""case_0009"", ""case_0010"", ""case_0011"", ""case_0012"", ""case_0013"", ""case_0014"", ""case_0015"", ""case_0016"", ""case_0017"", ""case_0018"", ""case_0019"", ""case_0020"", ""case_0021"", ""case_0022"", ""case_0023"", ""case_0024"", ""case_0025"", ""case_0026"", ""case_0027"", ""case_0028"", ""case_0029"", ""case_0030"", ""case_0031"", ""case_0032"", ""case_0033"", ""case_0034"", ""case_0035"", ""case_0036"", ""case_0037"", ""case_0038"", ""case_0039"", ""case_0040"", ""case_0041"", ""case_0042"", ""case_0043"", ""case_0044"", ""case_0045"", ""case_0046"", ""case_0047"", ""case_0048"", ""case_0049"", ""case_0050"", ""case_0051"", ""case_0052"", ""case_0053"", ""case_0054"", ""case_0055"", ""case_0056"", ""case_0057"", ""case_0058"", ""case_0059"", ""case_0060"", ""case_0061"", ""case_0062"", ""case_0063"", ""case_0064"", ""case_0065"", ""case_0066"", ""case_0067"", ""case_0068"", ""case_0069"", ""case_0070"", ""case_0071"", ""case_0072"", ""case_0073"", ""case_0074"", ""case_0075"", ""case_0076"", ""case_0077"", ""case_0078"", ""case_0079"", ""case_0080"", ""case_0081"", ""case_0082"", ""case_0083"", ""case_0084"", ""case_0085"", ""case_0086"", ""case_0087"", ""case_0088"", ""case_0089"", ""case_0090"", ""case_0091"", ""case_0092"", ""case_0093"", ""case_0094"", ""case_0095"", ""case_0096"", ""case_0097"", ""case_0098"", ""case_0099"", ""case_0100"", ""case_0101"", ""case_0102"", ""case_0103"", ""case_0104"", ""case_0105"", ""case_0106"", ""case_0107"", ""case_0108"", ""case_0109"", ""case_0110"", ""case_0111"", ""case_0112"", ""case_0113"", ""case_0114"", ""case_0115"", ""case_0116"", ""case_0117"", ""case_0118"", ""case_0119"", ""case_0120"", ""case_0121"", ""case_0122"", ""case_0123"", ""case_0124"", ""case_0125"", ""case_0126"", ""case_0127"", ""case_0128"", ""case_0129"", ""case_0130"", ""case_0131"", ""case_0132"", ""case_0133"", ""case_0134"", ""case_0135"", ""case_0136"", ""case_0137"", ""case_0138"", ""case_0139"", ""case_0140"", ""case_0141"", ""case_0142"", ""case_0143"", ""case_0144"", ""case_0145"", ""case_0146"", ""case_0147"", ""case_0148"", ""case_0149"", ""case_0150"", ""case_0151"", ""case_0152"", ""case_0153"", ""case_0154"", ""case_0155"", ""case_0156"", ""case_0157"", ""case_0158"", ""case_0159"", ""case_0160"", ""case_0161"", ""case_0162"", ""case_0163"", ""case_0164"", ""case_0165"", ""case_0166"", ""case_0167"", ""case_0168"", ""case_0169"", ""case_0170"", ""case_0171"", ""case_0172"", ""case_0173"", ""case_0174"", ""case_0175"", ""case_0176"", ""case_0177"", ""case_0178"", ""case_0179"", ""case_0180"", ""case_0181"", ""case_0182"", ""case_0183"", ""case_0184"", ""case_0185"", ""case_0186"", ""case_0187"", ""case_0188"", ""case_0189"", ""case_0190"", ""case_0191"", ""case_0192"", ""case_0193"", ""case_0194"", ""case_0195"", ""case_0196"", ""case_0197"", ""case_0198"", ""case_0199"", ""case_0200"", ""case_0201"", ""case_0202"", ""case_0203"", ""case_0204"", ""case_0205"", ""case_0206"", ""case_0207"", ""case_0208"", ""case_0209"", ""case_0210"", ""case_0211"", ""case_0212"", ""case_0213"", ""case_0214"", ""case_0215"", ""case_0216"", ""case_0217"", ""case_0218"", ""case_0219"", ""case_0220"", ""case_0221"", ""case_0222"", ""case_0223"", ""case_0224"", ""case_0225"", ""case_0226"", ""case_0227"", ""case_0228"", ""case_0229"", ""case_0230"", ""case_0231"", ""case_0232"", ""case_0233"", ""case_0234"", ""case_0235"", ""case_0236"", ""case_0237"", ""case_0238"", ""case_0239"", ""case_0240"", ""case_0241"", ""case_0242"", ""case_0243"", ""case_0244"", ""case_0245"", ""case_0246"", ""case_0247"", ""case_0248"", ""case_0249"", ""case_0250"", ""case_0251"", ""case_0252"", ""case_0253"", ""case_0254"", ""case_0255""]","SME-confirmed source IR, reproduced frozen synthetic expectations and matching target outputs; bounded local evidence.",,"[{""file"": ""processes/example-reuse/synthetic/run-0001/ELIGIBLE/expected.json"", ""kind"": ""frozen_source_expectations"", ""sha256"": ""72fb1cc3d28079c1997cf3e1886f949d093e4a6fc9ceaeb9df3112401f2538e3""}, {""file"": ""processes/example-reuse/synthetic/run-0001/ELIGIBLE/actual-and-comparison.json"", ""kind"": ""reproduced_target_comparison"", ""sha256"": ""e63e2e21489235c788e57313cbf47d45a75d865d76e83922ed40fa77f3b1b3d7""}, {""file"": ""processes/example-reuse/target/run-0001/ELIGIBLE.py"", ""kind"": ""executed_target_version"", ""sha256"": ""d3ee5b44a3fa4e38821cffd8fccd948b80f52e392c69a61c108792206ce67f1f""}]"
ELIGIBLE.cbl,cobol_program,1b86b3b54531ecac8dcf7d8357d39532ec2bb02af7cb3b24dc9b6871b343899a,14,  ELSE,f413ae9be557c98d16fffae75bfcd07b1b019c4a32c7c2cb742d19fc99222317,ae0ebc699d5adb666ef7011a5aa45e919f0df70281579dc3e0c5d51b0816e501,12,16,mapped_verified,shared/target/python/d3ee5b44a3fa4e38821cffd8fccd948b80f52e392c69a61c108792206ce67f1f.py,d3ee5b44a3fa4e38821cffd8fccd948b80f52e392c69a61c108792206ce67f1f,13,17,"[{""end"": 17, ""file"": ""shared/target/python/d3ee5b44a3fa4e38821cffd8fccd948b80f52e392c69a61c108792206ce67f1f.py"", ""start"": 13, ""version"": ""d3ee5b44a3fa4e38821cffd8fccd948b80f52e392c69a61c108792206ce67f1f""}]","[""case_0000"", ""case_0001"", ""case_0002"", ""case_0003"", ""case_0004"", ""case_0005"", ""case_0006"", ""case_0007"", ""case_0008"", ""case_0009"", ""case_0010"", ""case_0011"", ""case_0012"", ""case_0013"", ""case_0014"", ""case_0015"", ""case_0016"", ""case_0017"", ""case_0018"", ""case_0019"", ""case_0020"", ""case_0021"", ""case_0022"", ""case_0023"", ""case_0024"", ""case_0025"", ""case_0026"", ""case_0027"", ""case_0028"", ""case_0029"", ""case_0030"", ""case_0031"", ""case_0032"", ""case_0033"", ""case_0034"", ""case_0035"", ""case_0036"", ""case_0037"", ""case_0038"", ""case_0039"", ""case_0040"", ""case_0041"", ""case_0042"", ""case_0043"", ""case_0044"", ""case_0045"", ""case_0046"", ""case_0047"", ""case_0048"", ""case_0049"", ""case_0050"", ""case_0051"", ""case_0052"", ""case_0053"", ""case_0054"", ""case_0055"", ""case_0056"", ""case_0057"", ""case_0058"", ""case_0059"", ""case_0060"", ""case_0061"", ""case_0062"", ""case_0063"", ""case_0064"", ""case_0065"", ""case_0066"", ""case_0067"", ""case_0068"", ""case_0069"", ""case_0070"", ""case_0071"", ""case_0072"", ""case_0073"", ""case_0074"", ""case_0075"", ""case_0076"", ""case_0077"", ""case_0078"", ""case_0079"", ""case_0080"", ""case_0081"", ""case_0082"", ""case_0083"", ""case_0084"", ""case_0085"", ""case_0086"", ""case_0087"", ""case_0088"", ""case_0089"", ""case_0090"", ""case_0091"", ""case_0092"", ""case_0093"", ""case_0094"", ""case_0095"", ""case_0096"", ""case_0097"", ""case_0098"", ""case_0099"", ""case_0100"", ""case_0101"", ""case_0102"", ""case_0103"", ""case_0104"", ""case_0105"", ""case_0106"", ""case_0107"", ""case_0108"", ""case_0109"", ""case_0110"", ""case_0111"", ""case_0112"", ""case_0113"", ""case_0114"", ""case_0115"", ""case_0116"", ""case_0117"", ""case_0118"", ""case_0119"", ""case_0120"", ""case_0121"", ""case_0122"", ""case_0123"", ""case_0124"", ""case_0125"", ""case_0126"", ""case_0127"", ""case_0128"", ""case_0129"", ""case_0130"", ""case_0131"", ""case_0132"", ""case_0133"", ""case_0134"", ""case_0135"", ""case_0136"", ""case_0137"", ""case_0138"", ""case_0139"", ""case_0140"", ""case_0141"", ""case_0142"", ""case_0143"", ""case_0144"", ""case_0145"", ""case_0146"", ""case_0147"", ""case_0148"", ""case_0149"", ""case_0150"", ""case_0151"", ""case_0152"", ""case_0153"", ""case_0154"", ""case_0155"", ""case_0156"", ""case_0157"", ""case_0158"", ""case_0159"", ""case_0160"", ""case_0161"", ""case_0162"", ""case_0163"", ""case_0164"", ""case_0165"", ""case_0166"", ""case_0167"", ""case_0168"", ""case_0169"", ""case_0170"", ""case_0171"", ""case_0172"", ""case_0173"", ""case_0174"", ""case_0175"", ""case_0176"", ""case_0177"", ""case_0178"", ""case_0179"", ""case_0180"", ""case_0181"", ""case_0182"", ""case_0183"", ""case_0184"", ""case_0185"", ""case_0186"", ""case_0187"", ""case_0188"", ""case_0189"", ""case_0190"", ""case_0191"", ""case_0192"", ""case_0193"", ""case_0194"", ""case_0195"", ""case_0196"", ""case_0197"", ""case_0198"", ""case_0199"", ""case_0200"", ""case_0201"", ""case_0202"", ""case_0203"", ""case_0204"", ""case_0205"", ""case_0206"", ""case_0207"", ""case_0208"", ""case_0209"", ""case_0210"", ""case_0211"", ""case_0212"", ""case_0213"", ""case_0214"", ""case_0215"", ""case_0216"", ""case_0217"", ""case_0218"", ""case_0219"", ""case_0220"", ""case_0221"", ""case_0222"", ""case_0223"", ""case_0224"", ""case_0225"", ""case_0226"", ""case_0227"", ""case_0228"", ""case_0229"", ""case_0230"", ""case_0231"", ""case_0232"", ""case_0233"", ""case_0234"", ""case_0235"", ""case_0236"", ""case_0237"", ""case_0238"", ""case_0239"", ""case_0240"", ""case_0241"", ""case_0242"", ""case_0243"", ""case_0244"", ""case_0245"", ""case_0246"", ""case_0247"", ""case_0248"", ""case_0249"", ""case_0250"", ""case_0251"", ""case_0252"", ""case_0253"", ""case_0254"", ""case_0255""]","SME-confirmed source IR, reproduced frozen synthetic expectations and matching target outputs; bounded local evidence.",,"[{""file"": ""processes/example-reuse/synthetic/run-0001/ELIGIBLE/expected.json"", ""kind"": ""frozen_source_expectations"", ""sha256"": ""72fb1cc3d28079c1997cf3e1886f949d093e4a6fc9ceaeb9df3112401f2538e3""}, {""file"": ""processes/example-reuse/synthetic/run-0001/ELIGIBLE/actual-and-comparison.json"", ""kind"": ""reproduced_target_comparison"", ""sha256"": ""e63e2e21489235c788e57313cbf47d45a75d865d76e83922ed40fa77f3b1b3d7""}, {""file"": ""processes/example-reuse/target/run-0001/ELIGIBLE.py"", ""kind"": ""executed_target_version"", ""sha256"": ""d3ee5b44a3fa4e38821cffd8fccd948b80f52e392c69a61c108792206ce67f1f""}]"
ELIGIBLE.cbl,cobol_program,1b86b3b54531ecac8dcf7d8357d39532ec2bb02af7cb3b24dc9b6871b343899a,15,    CONTINUE,6b33d272d79086fb5b8c3a116eb3e41ed61393762fa0b327f075d819f665ff2b,ae0ebc699d5adb666ef7011a5aa45e919f0df70281579dc3e0c5d51b0816e501,12,16,mapped_verified,shared/target/python/d3ee5b44a3fa4e38821cffd8fccd948b80f52e392c69a61c108792206ce67f1f.py,d3ee5b44a3fa4e38821cffd8fccd948b80f52e392c69a61c108792206ce67f1f,13,17,"[{""end"": 17, ""file"": ""shared/target/python/d3ee5b44a3fa4e38821cffd8fccd948b80f52e392c69a61c108792206ce67f1f.py"", ""start"": 13, ""version"": ""d3ee5b44a3fa4e38821cffd8fccd948b80f52e392c69a61c108792206ce67f1f""}]","[""case_0000"", ""case_0001"", ""case_0002"", ""case_0003"", ""case_0004"", ""case_0005"", ""case_0006"", ""case_0007"", ""case_0008"", ""case_0009"", ""case_0010"", ""case_0011"", ""case_0012"", ""case_0013"", ""case_0014"", ""case_0015"", ""case_0016"", ""case_0017"", ""case_0018"", ""case_0019"", ""case_0020"", ""case_0021"", ""case_0022"", ""case_0023"", ""case_0024"", ""case_0025"", ""case_0026"", ""case_0027"", ""case_0028"", ""case_0029"", ""case_0030"", ""case_0031"", ""case_0032"", ""case_0033"", ""case_0034"", ""case_0035"", ""case_0036"", ""case_0037"", ""case_0038"", ""case_0039"", ""case_0040"", ""case_0041"", ""case_0042"", ""case_0043"", ""case_0044"", ""case_0045"", ""case_0046"", ""case_0047"", ""case_0048"", ""case_0049"", ""case_0050"", ""case_0051"", ""case_0052"", ""case_0053"", ""case_0054"", ""case_0055"", ""case_0056"", ""case_0057"", ""case_0058"", ""case_0059"", ""case_0060"", ""case_0061"", ""case_0062"", ""case_0063"", ""case_0064"", ""case_0065"", ""case_0066"", ""case_0067"", ""case_0068"", ""case_0069"", ""case_0070"", ""case_0071"", ""case_0072"", ""case_0073"", ""case_0074"", ""case_0075"", ""case_0076"", ""case_0077"", ""case_0078"", ""case_0079"", ""case_0080"", ""case_0081"", ""case_0082"", ""case_0083"", ""case_0084"", ""case_0085"", ""case_0086"", ""case_0087"", ""case_0088"", ""case_0089"", ""case_0090"", ""case_0091"", ""case_0092"", ""case_0093"", ""case_0094"", ""case_0095"", ""case_0096"", ""case_0097"", ""case_0098"", ""case_0099"", ""case_0100"", ""case_0101"", ""case_0102"", ""case_0103"", ""case_0104"", ""case_0105"", ""case_0106"", ""case_0107"", ""case_0108"", ""case_0109"", ""case_0110"", ""case_0111"", ""case_0112"", ""case_0113"", ""case_0114"", ""case_0115"", ""case_0116"", ""case_0117"", ""case_0118"", ""case_0119"", ""case_0120"", ""case_0121"", ""case_0122"", ""case_0123"", ""case_0124"", ""case_0125"", ""case_0126"", ""case_0127"", ""case_0128"", ""case_0129"", ""case_0130"", ""case_0131"", ""case_0132"", ""case_0133"", ""case_0134"", ""case_0135"", ""case_0136"", ""case_0137"", ""case_0138"", ""case_0139"", ""case_0140"", ""case_0141"", ""case_0142"", ""case_0143"", ""case_0144"", ""case_0145"", ""case_0146"", ""case_0147"", ""case_0148"", ""case_0149"", ""case_0150"", ""case_0151"", ""case_0152"", ""case_0153"", ""case_0154"", ""case_0155"", ""case_0156"", ""case_0157"", ""case_0158"", ""case_0159"", ""case_0160"", ""case_0161"", ""case_0162"", ""case_0163"", ""case_0164"", ""case_0165"", ""case_0166"", ""case_0167"", ""case_0168"", ""case_0169"", ""case_0170"", ""case_0171"", ""case_0172"", ""case_0173"", ""case_0174"", ""case_0175"", ""case_0176"", ""case_0177"", ""case_0178"", ""case_0179"", ""case_0180"", ""case_0181"", ""case_0182"", ""case_0183"", ""case_0184"", ""case_0185"", ""case_0186"", ""case_0187"", ""case_0188"", ""case_0189"", ""case_0190"", ""case_0191"", ""case_0192"", ""case_0193"", ""case_0194"", ""case_0195"", ""case_0196"", ""case_0197"", ""case_0198"", ""case_0199"", ""case_0200"", ""case_0201"", ""case_0202"", ""case_0203"", ""case_0204"", ""case_0205"", ""case_0206"", ""case_0207"", ""case_0208"", ""case_0209"", ""case_0210"", ""case_0211"", ""case_0212"", ""case_0213"", ""case_0214"", ""case_0215"", ""case_0216"", ""case_0217"", ""case_0218"", ""case_0219"", ""case_0220"", ""case_0221"", ""case_0222"", ""case_0223"", ""case_0224"", ""case_0225"", ""case_0226"", ""case_0227"", ""case_0228"", ""case_0229"", ""case_0230"", ""case_0231"", ""case_0232"", ""case_0233"", ""case_0234"", ""case_0235"", ""case_0236"", ""case_0237"", ""case_0238"", ""case_0239"", ""case_0240"", ""case_0241"", ""case_0242"", ""case_0243"", ""case_0244"", ""case_0245"", ""case_0246"", ""case_0247"", ""case_0248"", ""case_0249"", ""case_0250"", ""case_0251"", ""case_0252"", ""case_0253"", ""case_0254"", ""case_0255""]","SME-confirmed source IR, reproduced frozen synthetic expectations and matching target outputs; bounded local evidence.",,"[{""file"": ""processes/example-reuse/synthetic/run-0001/ELIGIBLE/expected.json"", ""kind"": ""frozen_source_expectations"", ""sha256"": ""72fb1cc3d28079c1997cf3e1886f949d093e4a6fc9ceaeb9df3112401f2538e3""}, {""file"": ""processes/example-reuse/synthetic/run-0001/ELIGIBLE/actual-and-comparison.json"", ""kind"": ""reproduced_target_comparison"", ""sha256"": ""e63e2e21489235c788e57313cbf47d45a75d865d76e83922ed40fa77f3b1b3d7""}, {""file"": ""processes/example-reuse/target/run-0001/ELIGIBLE.py"", ""kind"": ""executed_target_version"", ""sha256"": ""d3ee5b44a3fa4e38821cffd8fccd948b80f52e392c69a61c108792206ce67f1f""}]"
ELIGIBLE.cbl,cobol_program,1b86b3b54531ecac8dcf7d8357d39532ec2bb02af7cb3b24dc9b6871b343899a,16,  END-IF.,edbdf49a85da6daf5d30b099e9813d18765fc6ce6f7cf17ed4c8c12226e88623,ae0ebc699d5adb666ef7011a5aa45e919f0df70281579dc3e0c5d51b0816e501,12,16,mapped_verified,shared/target/python/d3ee5b44a3fa4e38821cffd8fccd948b80f52e392c69a61c108792206ce67f1f.py,d3ee5b44a3fa4e38821cffd8fccd948b80f52e392c69a61c108792206ce67f1f,13,17,"[{""end"": 17, ""file"": ""shared/target/python/d3ee5b44a3fa4e38821cffd8fccd948b80f52e392c69a61c108792206ce67f1f.py"", ""start"": 13, ""version"": ""d3ee5b44a3fa4e38821cffd8fccd948b80f52e392c69a61c108792206ce67f1f""}]","[""case_0000"", ""case_0001"", ""case_0002"", ""case_0003"", ""case_0004"", ""case_0005"", ""case_0006"", ""case_0007"", ""case_0008"", ""case_0009"", ""case_0010"", ""case_0011"", ""case_0012"", ""case_0013"", ""case_0014"", ""case_0015"", ""case_0016"", ""case_0017"", ""case_0018"", ""case_0019"", ""case_0020"", ""case_0021"", ""case_0022"", ""case_0023"", ""case_0024"", ""case_0025"", ""case_0026"", ""case_0027"", ""case_0028"", ""case_0029"", ""case_0030"", ""case_0031"", ""case_0032"", ""case_0033"", ""case_0034"", ""case_0035"", ""case_0036"", ""case_0037"", ""case_0038"", ""case_0039"", ""case_0040"", ""case_0041"", ""case_0042"", ""case_0043"", ""case_0044"", ""case_0045"", ""case_0046"", ""case_0047"", ""case_0048"", ""case_0049"", ""case_0050"", ""case_0051"", ""case_0052"", ""case_0053"", ""case_0054"", ""case_0055"", ""case_0056"", ""case_0057"", ""case_0058"", ""case_0059"", ""case_0060"", ""case_0061"", ""case_0062"", ""case_0063"", ""case_0064"", ""case_0065"", ""case_0066"", ""case_0067"", ""case_0068"", ""case_0069"", ""case_0070"", ""case_0071"", ""case_0072"", ""case_0073"", ""case_0074"", ""case_0075"", ""case_0076"", ""case_0077"", ""case_0078"", ""case_0079"", ""case_0080"", ""case_0081"", ""case_0082"", ""case_0083"", ""case_0084"", ""case_0085"", ""case_0086"", ""case_0087"", ""case_0088"", ""case_0089"", ""case_0090"", ""case_0091"", ""case_0092"", ""case_0093"", ""case_0094"", ""case_0095"", ""case_0096"", ""case_0097"", ""case_0098"", ""case_0099"", ""case_0100"", ""case_0101"", ""case_0102"", ""case_0103"", ""case_0104"", ""case_0105"", ""case_0106"", ""case_0107"", ""case_0108"", ""case_0109"", ""case_0110"", ""case_0111"", ""case_0112"", ""case_0113"", ""case_0114"", ""case_0115"", ""case_0116"", ""case_0117"", ""case_0118"", ""case_0119"", ""case_0120"", ""case_0121"", ""case_0122"", ""case_0123"", ""case_0124"", ""case_0125"", ""case_0126"", ""case_0127"", ""case_0128"", ""case_0129"", ""case_0130"", ""case_0131"", ""case_0132"", ""case_0133"", ""case_0134"", ""case_0135"", ""case_0136"", ""case_0137"", ""case_0138"", ""case_0139"", ""case_0140"", ""case_0141"", ""case_0142"", ""case_0143"", ""case_0144"", ""case_0145"", ""case_0146"", ""case_0147"", ""case_0148"", ""case_0149"", ""case_0150"", ""case_0151"", ""case_0152"", ""case_0153"", ""case_0154"", ""case_0155"", ""case_0156"", ""case_0157"", ""case_0158"", ""case_0159"", ""case_0160"", ""case_0161"", ""case_0162"", ""case_0163"", ""case_0164"", ""case_0165"", ""case_0166"", ""case_0167"", ""case_0168"", ""case_0169"", ""case_0170"", ""case_0171"", ""case_0172"", ""case_0173"", ""case_0174"", ""case_0175"", ""case_0176"", ""case_0177"", ""case_0178"", ""case_0179"", ""case_0180"", ""case_0181"", ""case_0182"", ""case_0183"", ""case_0184"", ""case_0185"", ""case_0186"", ""case_0187"", ""case_0188"", ""case_0189"", ""case_0190"", ""case_0191"", ""case_0192"", ""case_0193"", ""case_0194"", ""case_0195"", ""case_0196"", ""case_0197"", ""case_0198"", ""case_0199"", ""case_0200"", ""case_0201"", ""case_0202"", ""case_0203"", ""case_0204"", ""case_0205"", ""case_0206"", ""case_0207"", ""case_0208"", ""case_0209"", ""case_0210"", ""case_0211"", ""case_0212"", ""case_0213"", ""case_0214"", ""case_0215"", ""case_0216"", ""case_0217"", ""case_0218"", ""case_0219"", ""case_0220"", ""case_0221"", ""case_0222"", ""case_0223"", ""case_0224"", ""case_0225"", ""case_0226"", ""case_0227"", ""case_0228"", ""case_0229"", ""case_0230"", ""case_0231"", ""case_0232"", ""case_0233"", ""case_0234"", ""case_0235"", ""case_0236"", ""case_0237"", ""case_0238"", ""case_0239"", ""case_0240"", ""case_0241"", ""case_0242"", ""case_0243"", ""case_0244"", ""case_0245"", ""case_0246"", ""case_0247"", ""case_0248"", ""case_0249"", ""case_0250"", ""case_0251"", ""case_0252"", ""case_0253"", ""case_0254"", ""case_0255""]","SME-confirmed source IR, reproduced frozen synthetic expectations and matching target outputs; bounded local evidence.",,"[{""file"": ""processes/example-reuse/synthetic/run-0001/ELIGIBLE/expected.json"", ""kind"": ""frozen_source_expectations"", ""sha256"": ""72fb1cc3d28079c1997cf3e1886f949d093e4a6fc9ceaeb9df3112401f2538e3""}, {""file"": ""processes/example-reuse/synthetic/run-0001/ELIGIBLE/actual-and-comparison.json"", ""kind"": ""reproduced_target_comparison"", ""sha256"": ""e63e2e21489235c788e57313cbf47d45a75d865d76e83922ed40fa77f3b1b3d7""}, {""file"": ""processes/example-reuse/target/run-0001/ELIGIBLE.py"", ""kind"": ""executed_target_version"", ""sha256"": ""d3ee5b44a3fa4e38821cffd8fccd948b80f52e392c69a61c108792206ce67f1f""}]"
ELIGIBLE.cbl,cobol_program,1b86b3b54531ecac8dcf7d8357d39532ec2bb02af7cb3b24dc9b6871b343899a,17,  IF CUSTOMER-ID <> REF-CUSTOMER-ID,c32ef77483bdad25275fdce719c0e71e42288448b3db144b61a749e185ca84da,9a318e2652fffd413a5eb2c37fca5b566d138fd0f83de593ecdadbf9c68c6f10,17,21,mapped_verified,shared/target/python/d3ee5b44a3fa4e38821cffd8fccd948b80f52e392c69a61c108792206ce67f1f.py,d3ee5b44a3fa4e38821cffd8fccd948b80f52e392c69a61c108792206ce67f1f,18,22,"[{""end"": 22, ""file"": ""shared/target/python/d3ee5b44a3fa4e38821cffd8fccd948b80f52e392c69a61c108792206ce67f1f.py"", ""start"": 18, ""version"": ""d3ee5b44a3fa4e38821cffd8fccd948b80f52e392c69a61c108792206ce67f1f""}]","[""case_0000"", ""case_0001"", ""case_0002"", ""case_0003"", ""case_0004"", ""case_0005"", ""case_0006"", ""case_0007"", ""case_0008"", ""case_0009"", ""case_0010"", ""case_0011"", ""case_0012"", ""case_0013"", ""case_0014"", ""case_0015"", ""case_0016"", ""case_0017"", ""case_0018"", ""case_0019"", ""case_0020"", ""case_0021"", ""case_0022"", ""case_0023"", ""case_0024"", ""case_0025"", ""case_0026"", ""case_0027"", ""case_0028"", ""case_0029"", ""case_0030"", ""case_0031"", ""case_0032"", ""case_0033"", ""case_0034"", ""case_0035"", ""case_0036"", ""case_0037"", ""case_0038"", ""case_0039"", ""case_0040"", ""case_0041"", ""case_0042"", ""case_0043"", ""case_0044"", ""case_0045"", ""case_0046"", ""case_0047"", ""case_0048"", ""case_0049"", ""case_0050"", ""case_0051"", ""case_0052"", ""case_0053"", ""case_0054"", ""case_0055"", ""case_0056"", ""case_0057"", ""case_0058"", ""case_0059"", ""case_0060"", ""case_0061"", ""case_0062"", ""case_0063"", ""case_0064"", ""case_0065"", ""case_0066"", ""case_0067"", ""case_0068"", ""case_0069"", ""case_0070"", ""case_0071"", ""case_0072"", ""case_0073"", ""case_0074"", ""case_0075"", ""case_0076"", ""case_0077"", ""case_0078"", ""case_0079"", ""case_0080"", ""case_0081"", ""case_0082"", ""case_0083"", ""case_0084"", ""case_0085"", ""case_0086"", ""case_0087"", ""case_0088"", ""case_0089"", ""case_0090"", ""case_0091"", ""case_0092"", ""case_0093"", ""case_0094"", ""case_0095"", ""case_0096"", ""case_0097"", ""case_0098"", ""case_0099"", ""case_0100"", ""case_0101"", ""case_0102"", ""case_0103"", ""case_0104"", ""case_0105"", ""case_0106"", ""case_0107"", ""case_0108"", ""case_0109"", ""case_0110"", ""case_0111"", ""case_0112"", ""case_0113"", ""case_0114"", ""case_0115"", ""case_0116"", ""case_0117"", ""case_0118"", ""case_0119"", ""case_0120"", ""case_0121"", ""case_0122"", ""case_0123"", ""case_0124"", ""case_0125"", ""case_0126"", ""case_0127"", ""case_0128"", ""case_0129"", ""case_0130"", ""case_0131"", ""case_0132"", ""case_0133"", ""case_0134"", ""case_0135"", ""case_0136"", ""case_0137"", ""case_0138"", ""case_0139"", ""case_0140"", ""case_0141"", ""case_0142"", ""case_0143"", ""case_0144"", ""case_0145"", ""case_0146"", ""case_0147"", ""case_0148"", ""case_0149"", ""case_0150"", ""case_0151"", ""case_0152"", ""case_0153"", ""case_0154"", ""case_0155"", ""case_0156"", ""case_0157"", ""case_0158"", ""case_0159"", ""case_0160"", ""case_0161"", ""case_0162"", ""case_0163"", ""case_0164"", ""case_0165"", ""case_0166"", ""case_0167"", ""case_0168"", ""case_0169"", ""case_0170"", ""case_0171"", ""case_0172"", ""case_0173"", ""case_0174"", ""case_0175"", ""case_0176"", ""case_0177"", ""case_0178"", ""case_0179"", ""case_0180"", ""case_0181"", ""case_0182"", ""case_0183"", ""case_0184"", ""case_0185"", ""case_0186"", ""case_0187"", ""case_0188"", ""case_0189"", ""case_0190"", ""case_0191"", ""case_0192"", ""case_0193"", ""case_0194"", ""case_0195"", ""case_0196"", ""case_0197"", ""case_0198"", ""case_0199"", ""case_0200"", ""case_0201"", ""case_0202"", ""case_0203"", ""case_0204"", ""case_0205"", ""case_0206"", ""case_0207"", ""case_0208"", ""case_0209"", ""case_0210"", ""case_0211"", ""case_0212"", ""case_0213"", ""case_0214"", ""case_0215"", ""case_0216"", ""case_0217"", ""case_0218"", ""case_0219"", ""case_0220"", ""case_0221"", ""case_0222"", ""case_0223"", ""case_0224"", ""case_0225"", ""case_0226"", ""case_0227"", ""case_0228"", ""case_0229"", ""case_0230"", ""case_0231"", ""case_0232"", ""case_0233"", ""case_0234"", ""case_0235"", ""case_0236"", ""case_0237"", ""case_0238"", ""case_0239"", ""case_0240"", ""case_0241"", ""case_0242"", ""case_0243"", ""case_0244"", ""case_0245"", ""case_0246"", ""case_0247"", ""case_0248"", ""case_0249"", ""case_0250"", ""case_0251"", ""case_0252"", ""case_0253"", ""case_0254"", ""case_0255""]","SME-confirmed source IR, reproduced frozen synthetic expectations and matching target outputs; bounded local evidence.",,"[{""file"": ""processes/example-reuse/synthetic/run-0001/ELIGIBLE/expected.json"", ""kind"": ""frozen_source_expectations"", ""sha256"": ""72fb1cc3d28079c1997cf3e1886f949d093e4a6fc9ceaeb9df3112401f2538e3""}, {""file"": ""processes/example-reuse/synthetic/run-0001/ELIGIBLE/actual-and-comparison.json"", ""kind"": ""reproduced_target_comparison"", ""sha256"": ""e63e2e21489235c788e57313cbf47d45a75d865d76e83922ed40fa77f3b1b3d7""}, {""file"": ""processes/example-reuse/target/run-0001/ELIGIBLE.py"", ""kind"": ""executed_target_version"", ""sha256"": ""d3ee5b44a3fa4e38821cffd8fccd948b80f52e392c69a61c108792206ce67f1f""}]"
ELIGIBLE.cbl,cobol_program,1b86b3b54531ecac8dcf7d8357d39532ec2bb02af7cb3b24dc9b6871b343899a,18,"    MOVE ""N"" TO DECISION",d38e39df4884be6c1ecc9fa14d3f506058ca43835cd56d67d5d87432bb6f8b8a,9a318e2652fffd413a5eb2c37fca5b566d138fd0f83de593ecdadbf9c68c6f10,17,21,mapped_verified,shared/target/python/d3ee5b44a3fa4e38821cffd8fccd948b80f52e392c69a61c108792206ce67f1f.py,d3ee5b44a3fa4e38821cffd8fccd948b80f52e392c69a61c108792206ce67f1f,18,22,"[{""end"": 22, ""file"": ""shared/target/python/d3ee5b44a3fa4e38821cffd8fccd948b80f52e392c69a61c108792206ce67f1f.py"", ""start"": 18, ""version"": ""d3ee5b44a3fa4e38821cffd8fccd948b80f52e392c69a61c108792206ce67f1f""}]","[""case_0000"", ""case_0001"", ""case_0002"", ""case_0003"", ""case_0004"", ""case_0005"", ""case_0006"", ""case_0007"", ""case_0008"", ""case_0009"", ""case_0010"", ""case_0011"", ""case_0012"", ""case_0013"", ""case_0014"", ""case_0015"", ""case_0016"", ""case_0017"", ""case_0018"", ""case_0019"", ""case_0020"", ""case_0021"", ""case_0022"", ""case_0023"", ""case_0024"", ""case_0025"", ""case_0026"", ""case_0027"", ""case_0028"", ""case_0029"", ""case_0030"", ""case_0031"", ""case_0032"", ""case_0033"", ""case_0034"", ""case_0035"", ""case_0036"", ""case_0037"", ""case_0038"", ""case_0039"", ""case_0040"", ""case_0041"", ""case_0042"", ""case_0043"", ""case_0044"", ""case_0045"", ""case_0046"", ""case_0047"", ""case_0048"", ""case_0049"", ""case_0050"", ""case_0051"", ""case_0052"", ""case_0053"", ""case_0054"", ""case_0055"", ""case_0056"", ""case_0057"", ""case_0058"", ""case_0059"", ""case_0060"", ""case_0061"", ""case_0062"", ""case_0063"", ""case_0064"", ""case_0065"", ""case_0066"", ""case_0067"", ""case_0068"", ""case_0069"", ""case_0070"", ""case_0071"", ""case_0072"", ""case_0073"", ""case_0074"", ""case_0075"", ""case_0076"", ""case_0077"", ""case_0078"", ""case_0079"", ""case_0080"", ""case_0081"", ""case_0082"", ""case_0083"", ""case_0084"", ""case_0085"", ""case_0086"", ""case_0087"", ""case_0088"", ""case_0089"", ""case_0090"", ""case_0091"", ""case_0092"", ""case_0093"", ""case_0094"", ""case_0095"", ""case_0096"", ""case_0097"", ""case_0098"", ""case_0099"", ""case_0100"", ""case_0101"", ""case_0102"", ""case_0103"", ""case_0104"", ""case_0105"", ""case_0106"", ""case_0107"", ""case_0108"", ""case_0109"", ""case_0110"", ""case_0111"", ""case_0112"", ""case_0113"", ""case_0114"", ""case_0115"", ""case_0116"", ""case_0117"", ""case_0118"", ""case_0119"", ""case_0120"", ""case_0121"", ""case_0122"", ""case_0123"", ""case_0124"", ""case_0125"", ""case_0126"", ""case_0127"", ""case_0128"", ""case_0129"", ""case_0130"", ""case_0131"", ""case_0132"", ""case_0133"", ""case_0134"", ""case_0135"", ""case_0136"", ""case_0137"", ""case_0138"", ""case_0139"", ""case_0140"", ""case_0141"", ""case_0142"", ""case_0143"", ""case_0144"", ""case_0145"", ""case_0146"", ""case_0147"", ""case_0148"", ""case_0149"", ""case_0150"", ""case_0151"", ""case_0152"", ""case_0153"", ""case_0154"", ""case_0155"", ""case_0156"", ""case_0157"", ""case_0158"", ""case_0159"", ""case_0160"", ""case_0161"", ""case_0162"", ""case_0163"", ""case_0164"", ""case_0165"", ""case_0166"", ""case_0167"", ""case_0168"", ""case_0169"", ""case_0170"", ""case_0171"", ""case_0172"", ""case_0173"", ""case_0174"", ""case_0175"", ""case_0176"", ""case_0177"", ""case_0178"", ""case_0179"", ""case_0180"", ""case_0181"", ""case_0182"", ""case_0183"", ""case_0184"", ""case_0185"", ""case_0186"", ""case_0187"", ""case_0188"", ""case_0189"", ""case_0190"", ""case_0191"", ""case_0192"", ""case_0193"", ""case_0194"", ""case_0195"", ""case_0196"", ""case_0197"", ""case_0198"", ""case_0199"", ""case_0200"", ""case_0201"", ""case_0202"", ""case_0203"", ""case_0204"", ""case_0205"", ""case_0206"", ""case_0207"", ""case_0208"", ""case_0209"", ""case_0210"", ""case_0211"", ""case_0212"", ""case_0213"", ""case_0214"", ""case_0215"", ""case_0216"", ""case_0217"", ""case_0218"", ""case_0219"", ""case_0220"", ""case_0221"", ""case_0222"", ""case_0223"", ""case_0224"", ""case_0225"", ""case_0226"", ""case_0227"", ""case_0228"", ""case_0229"", ""case_0230"", ""case_0231"", ""case_0232"", ""case_0233"", ""case_0234"", ""case_0235"", ""case_0236"", ""case_0237"", ""case_0238"", ""case_0239"", ""case_0240"", ""case_0241"", ""case_0242"", ""case_0243"", ""case_0244"", ""case_0245"", ""case_0246"", ""case_0247"", ""case_0248"", ""case_0249"", ""case_0250"", ""case_0251"", ""case_0252"", ""case_0253"", ""case_0254"", ""case_0255""]","SME-confirmed source IR, reproduced frozen synthetic expectations and matching target outputs; bounded local evidence.",,"[{""file"": ""processes/example-reuse/synthetic/run-0001/ELIGIBLE/expected.json"", ""kind"": ""frozen_source_expectations"", ""sha256"": ""72fb1cc3d28079c1997cf3e1886f949d093e4a6fc9ceaeb9df3112401f2538e3""}, {""file"": ""processes/example-reuse/synthetic/run-0001/ELIGIBLE/actual-and-comparison.json"", ""kind"": ""reproduced_target_comparison"", ""sha256"": ""e63e2e21489235c788e57313cbf47d45a75d865d76e83922ed40fa77f3b1b3d7""}, {""file"": ""processes/example-reuse/target/run-0001/ELIGIBLE.py"", ""kind"": ""executed_target_version"", ""sha256"": ""d3ee5b44a3fa4e38821cffd8fccd948b80f52e392c69a61c108792206ce67f1f""}]"
ELIGIBLE.cbl,cobol_program,1b86b3b54531ecac8dcf7d8357d39532ec2bb02af7cb3b24dc9b6871b343899a,19,  ELSE,f413ae9be557c98d16fffae75bfcd07b1b019c4a32c7c2cb742d19fc99222317,9a318e2652fffd413a5eb2c37fca5b566d138fd0f83de593ecdadbf9c68c6f10,17,21,mapped_verified,shared/target/python/d3ee5b44a3fa4e38821cffd8fccd948b80f52e392c69a61c108792206ce67f1f.py,d3ee5b44a3fa4e38821cffd8fccd948b80f52e392c69a61c108792206ce67f1f,18,22,"[{""end"": 22, ""file"": ""shared/target/python/d3ee5b44a3fa4e38821cffd8fccd948b80f52e392c69a61c108792206ce67f1f.py"", ""start"": 18, ""version"": ""d3ee5b44a3fa4e38821cffd8fccd948b80f52e392c69a61c108792206ce67f1f""}]","[""case_0000"", ""case_0001"", ""case_0002"", ""case_0003"", ""case_0004"", ""case_0005"", ""case_0006"", ""case_0007"", ""case_0008"", ""case_0009"", ""case_0010"", ""case_0011"", ""case_0012"", ""case_0013"", ""case_0014"", ""case_0015"", ""case_0016"", ""case_0017"", ""case_0018"", ""case_0019"", ""case_0020"", ""case_0021"", ""case_0022"", ""case_0023"", ""case_0024"", ""case_0025"", ""case_0026"", ""case_0027"", ""case_0028"", ""case_0029"", ""case_0030"", ""case_0031"", ""case_0032"", ""case_0033"", ""case_0034"", ""case_0035"", ""case_0036"", ""case_0037"", ""case_0038"", ""case_0039"", ""case_0040"", ""case_0041"", ""case_0042"", ""case_0043"", ""case_0044"", ""case_0045"", ""case_0046"", ""case_0047"", ""case_0048"", ""case_0049"", ""case_0050"", ""case_0051"", ""case_0052"", ""case_0053"", ""case_0054"", ""case_0055"", ""case_0056"", ""case_0057"", ""case_0058"", ""case_0059"", ""case_0060"", ""case_0061"", ""case_0062"", ""case_0063"", ""case_0064"", ""case_0065"", ""case_0066"", ""case_0067"", ""case_0068"", ""case_0069"", ""case_0070"", ""case_0071"", ""case_0072"", ""case_0073"", ""case_0074"", ""case_0075"", ""case_0076"", ""case_0077"", ""case_0078"", ""case_0079"", ""case_0080"", ""case_0081"", ""case_0082"", ""case_0083"", ""case_0084"", ""case_0085"", ""case_0086"", ""case_0087"", ""case_0088"", ""case_0089"", ""case_0090"", ""case_0091"", ""case_0092"", ""case_0093"", ""case_0094"", ""case_0095"", ""case_0096"", ""case_0097"", ""case_0098"", ""case_0099"", ""case_0100"", ""case_0101"", ""case_0102"", ""case_0103"", ""case_0104"", ""case_0105"", ""case_0106"", ""case_0107"", ""case_0108"", ""case_0109"", ""case_0110"", ""case_0111"", ""case_0112"", ""case_0113"", ""case_0114"", ""case_0115"", ""case_0116"", ""case_0117"", ""case_0118"", ""case_0119"", ""case_0120"", ""case_0121"", ""case_0122"", ""case_0123"", ""case_0124"", ""case_0125"", ""case_0126"", ""case_0127"", ""case_0128"", ""case_0129"", ""case_0130"", ""case_0131"", ""case_0132"", ""case_0133"", ""case_0134"", ""case_0135"", ""case_0136"", ""case_0137"", ""case_0138"", ""case_0139"", ""case_0140"", ""case_0141"", ""case_0142"", ""case_0143"", ""case_0144"", ""case_0145"", ""case_0146"", ""case_0147"", ""case_0148"", ""case_0149"", ""case_0150"", ""case_0151"", ""case_0152"", ""case_0153"", ""case_0154"", ""case_0155"", ""case_0156"", ""case_0157"", ""case_0158"", ""case_0159"", ""case_0160"", ""case_0161"", ""case_0162"", ""case_0163"", ""case_0164"", ""case_0165"", ""case_0166"", ""case_0167"", ""case_0168"", ""case_0169"", ""case_0170"", ""case_0171"", ""case_0172"", ""case_0173"", ""case_0174"", ""case_0175"", ""case_0176"", ""case_0177"", ""case_0178"", ""case_0179"", ""case_0180"", ""case_0181"", ""case_0182"", ""case_0183"", ""case_0184"", ""case_0185"", ""case_0186"", ""case_0187"", ""case_0188"", ""case_0189"", ""case_0190"", ""case_0191"", ""case_0192"", ""case_0193"", ""case_0194"", ""case_0195"", ""case_0196"", ""case_0197"", ""case_0198"", ""case_0199"", ""case_0200"", ""case_0201"", ""case_0202"", ""case_0203"", ""case_0204"", ""case_0205"", ""case_0206"", ""case_0207"", ""case_0208"", ""case_0209"", ""case_0210"", ""case_0211"", ""case_0212"", ""case_0213"", ""case_0214"", ""case_0215"", ""case_0216"", ""case_0217"", ""case_0218"", ""case_0219"", ""case_0220"", ""case_0221"", ""case_0222"", ""case_0223"", ""case_0224"", ""case_0225"", ""case_0226"", ""case_0227"", ""case_0228"", ""case_0229"", ""case_0230"", ""case_0231"", ""case_0232"", ""case_0233"", ""case_0234"", ""case_0235"", ""case_0236"", ""case_0237"", ""case_0238"", ""case_0239"", ""case_0240"", ""case_0241"", ""case_0242"", ""case_0243"", ""case_0244"", ""case_0245"", ""case_0246"", ""case_0247"", ""case_0248"", ""case_0249"", ""case_0250"", ""case_0251"", ""case_0252"", ""case_0253"", ""case_0254"", ""case_0255""]","SME-confirmed source IR, reproduced frozen synthetic expectations and matching target outputs; bounded local evidence.",,"[{""file"": ""processes/example-reuse/synthetic/run-0001/ELIGIBLE/expected.json"", ""kind"": ""frozen_source_expectations"", ""sha256"": ""72fb1cc3d28079c1997cf3e1886f949d093e4a6fc9ceaeb9df3112401f2538e3""}, {""file"": ""processes/example-reuse/synthetic/run-0001/ELIGIBLE/actual-and-comparison.json"", ""kind"": ""reproduced_target_comparison"", ""sha256"": ""e63e2e21489235c788e57313cbf47d45a75d865d76e83922ed40fa77f3b1b3d7""}, {""file"": ""processes/example-reuse/target/run-0001/ELIGIBLE.py"", ""kind"": ""executed_target_version"", ""sha256"": ""d3ee5b44a3fa4e38821cffd8fccd948b80f52e392c69a61c108792206ce67f1f""}]"
ELIGIBLE.cbl,cobol_program,1b86b3b54531ecac8dcf7d8357d39532ec2bb02af7cb3b24dc9b6871b343899a,20,    CONTINUE,6b33d272d79086fb5b8c3a116eb3e41ed61393762fa0b327f075d819f665ff2b,9a318e2652fffd413a5eb2c37fca5b566d138fd0f83de593ecdadbf9c68c6f10,17,21,mapped_verified,shared/target/python/d3ee5b44a3fa4e38821cffd8fccd948b80f52e392c69a61c108792206ce67f1f.py,d3ee5b44a3fa4e38821cffd8fccd948b80f52e392c69a61c108792206ce67f1f,18,22,"[{""end"": 22, ""file"": ""shared/target/python/d3ee5b44a3fa4e38821cffd8fccd948b80f52e392c69a61c108792206ce67f1f.py"", ""start"": 18, ""version"": ""d3ee5b44a3fa4e38821cffd8fccd948b80f52e392c69a61c108792206ce67f1f""}]","[""case_0000"", ""case_0001"", ""case_0002"", ""case_0003"", ""case_0004"", ""case_0005"", ""case_0006"", ""case_0007"", ""case_0008"", ""case_0009"", ""case_0010"", ""case_0011"", ""case_0012"", ""case_0013"", ""case_0014"", ""case_0015"", ""case_0016"", ""case_0017"", ""case_0018"", ""case_0019"", ""case_0020"", ""case_0021"", ""case_0022"", ""case_0023"", ""case_0024"", ""case_0025"", ""case_0026"", ""case_0027"", ""case_0028"", ""case_0029"", ""case_0030"", ""case_0031"", ""case_0032"", ""case_0033"", ""case_0034"", ""case_0035"", ""case_0036"", ""case_0037"", ""case_0038"", ""case_0039"", ""case_0040"", ""case_0041"", ""case_0042"", ""case_0043"", ""case_0044"", ""case_0045"", ""case_0046"", ""case_0047"", ""case_0048"", ""case_0049"", ""case_0050"", ""case_0051"", ""case_0052"", ""case_0053"", ""case_0054"", ""case_0055"", ""case_0056"", ""case_0057"", ""case_0058"", ""case_0059"", ""case_0060"", ""case_0061"", ""case_0062"", ""case_0063"", ""case_0064"", ""case_0065"", ""case_0066"", ""case_0067"", ""case_0068"", ""case_0069"", ""case_0070"", ""case_0071"", ""case_0072"", ""case_0073"", ""case_0074"", ""case_0075"", ""case_0076"", ""case_0077"", ""case_0078"", ""case_0079"", ""case_0080"", ""case_0081"", ""case_0082"", ""case_0083"", ""case_0084"", ""case_0085"", ""case_0086"", ""case_0087"", ""case_0088"", ""case_0089"", ""case_0090"", ""case_0091"", ""case_0092"", ""case_0093"", ""case_0094"", ""case_0095"", ""case_0096"", ""case_0097"", ""case_0098"", ""case_0099"", ""case_0100"", ""case_0101"", ""case_0102"", ""case_0103"", ""case_0104"", ""case_0105"", ""case_0106"", ""case_0107"", ""case_0108"", ""case_0109"", ""case_0110"", ""case_0111"", ""case_0112"", ""case_0113"", ""case_0114"", ""case_0115"", ""case_0116"", ""case_0117"", ""case_0118"", ""case_0119"", ""case_0120"", ""case_0121"", ""case_0122"", ""case_0123"", ""case_0124"", ""case_0125"", ""case_0126"", ""case_0127"", ""case_0128"", ""case_0129"", ""case_0130"", ""case_0131"", ""case_0132"", ""case_0133"", ""case_0134"", ""case_0135"", ""case_0136"", ""case_0137"", ""case_0138"", ""case_0139"", ""case_0140"", ""case_0141"", ""case_0142"", ""case_0143"", ""case_0144"", ""case_0145"", ""case_0146"", ""case_0147"", ""case_0148"", ""case_0149"", ""case_0150"", ""case_0151"", ""case_0152"", ""case_0153"", ""case_0154"", ""case_0155"", ""case_0156"", ""case_0157"", ""case_0158"", ""case_0159"", ""case_0160"", ""case_0161"", ""case_0162"", ""case_0163"", ""case_0164"", ""case_0165"", ""case_0166"", ""case_0167"", ""case_0168"", ""case_0169"", ""case_0170"", ""case_0171"", ""case_0172"", ""case_0173"", ""case_0174"", ""case_0175"", ""case_0176"", ""case_0177"", ""case_0178"", ""case_0179"", ""case_0180"", ""case_0181"", ""case_0182"", ""case_0183"", ""case_0184"", ""case_0185"", ""case_0186"", ""case_0187"", ""case_0188"", ""case_0189"", ""case_0190"", ""case_0191"", ""case_0192"", ""case_0193"", ""case_0194"", ""case_0195"", ""case_0196"", ""case_0197"", ""case_0198"", ""case_0199"", ""case_0200"", ""case_0201"", ""case_0202"", ""case_0203"", ""case_0204"", ""case_0205"", ""case_0206"", ""case_0207"", ""case_0208"", ""case_0209"", ""case_0210"", ""case_0211"", ""case_0212"", ""case_0213"", ""case_0214"", ""case_0215"", ""case_0216"", ""case_0217"", ""case_0218"", ""case_0219"", ""case_0220"", ""case_0221"", ""case_0222"", ""case_0223"", ""case_0224"", ""case_0225"", ""case_0226"", ""case_0227"", ""case_0228"", ""case_0229"", ""case_0230"", ""case_0231"", ""case_0232"", ""case_0233"", ""case_0234"", ""case_0235"", ""case_0236"", ""case_0237"", ""case_0238"", ""case_0239"", ""case_0240"", ""case_0241"", ""case_0242"", ""case_0243"", ""case_0244"", ""case_0245"", ""case_0246"", ""case_0247"", ""case_0248"", ""case_0249"", ""case_0250"", ""case_0251"", ""case_0252"", ""case_0253"", ""case_0254"", ""case_0255""]","SME-confirmed source IR, reproduced frozen synthetic expectations and matching target outputs; bounded local evidence.",,"[{""file"": ""processes/example-reuse/synthetic/run-0001/ELIGIBLE/expected.json"", ""kind"": ""frozen_source_expectations"", ""sha256"": ""72fb1cc3d28079c1997cf3e1886f949d093e4a6fc9ceaeb9df3112401f2538e3""}, {""file"": ""processes/example-reuse/synthetic/run-0001/ELIGIBLE/actual-and-comparison.json"", ""kind"": ""reproduced_target_comparison"", ""sha256"": ""e63e2e21489235c788e57313cbf47d45a75d865d76e83922ed40fa77f3b1b3d7""}, {""file"": ""processes/example-reuse/target/run-0001/ELIGIBLE.py"", ""kind"": ""executed_target_version"", ""sha256"": ""d3ee5b44a3fa4e38821cffd8fccd948b80f52e392c69a61c108792206ce67f1f""}]"
ELIGIBLE.cbl,cobol_program,1b86b3b54531ecac8dcf7d8357d39532ec2bb02af7cb3b24dc9b6871b343899a,21,  END-IF.,edbdf49a85da6daf5d30b099e9813d18765fc6ce6f7cf17ed4c8c12226e88623,9a318e2652fffd413a5eb2c37fca5b566d138fd0f83de593ecdadbf9c68c6f10,17,21,mapped_verified,shared/target/python/d3ee5b44a3fa4e38821cffd8fccd948b80f52e392c69a61c108792206ce67f1f.py,d3ee5b44a3fa4e38821cffd8fccd948b80f52e392c69a61c108792206ce67f1f,18,22,"[{""end"": 22, ""file"": ""shared/target/python/d3ee5b44a3fa4e38821cffd8fccd948b80f52e392c69a61c108792206ce67f1f.py"", ""start"": 18, ""version"": ""d3ee5b44a3fa4e38821cffd8fccd948b80f52e392c69a61c108792206ce67f1f""}]","[""case_0000"", ""case_0001"", ""case_0002"", ""case_0003"", ""case_0004"", ""case_0005"", ""case_0006"", ""case_0007"", ""case_0008"", ""case_0009"", ""case_0010"", ""case_0011"", ""case_0012"", ""case_0013"", ""case_0014"", ""case_0015"", ""case_0016"", ""case_0017"", ""case_0018"", ""case_0019"", ""case_0020"", ""case_0021"", ""case_0022"", ""case_0023"", ""case_0024"", ""case_0025"", ""case_0026"", ""case_0027"", ""case_0028"", ""case_0029"", ""case_0030"", ""case_0031"", ""case_0032"", ""case_0033"", ""case_0034"", ""case_0035"", ""case_0036"", ""case_0037"", ""case_0038"", ""case_0039"", ""case_0040"", ""case_0041"", ""case_0042"", ""case_0043"", ""case_0044"", ""case_0045"", ""case_0046"", ""case_0047"", ""case_0048"", ""case_0049"", ""case_0050"", ""case_0051"", ""case_0052"", ""case_0053"", ""case_0054"", ""case_0055"", ""case_0056"", ""case_0057"", ""case_0058"", ""case_0059"", ""case_0060"", ""case_0061"", ""case_0062"", ""case_0063"", ""case_0064"", ""case_0065"", ""case_0066"", ""case_0067"", ""case_0068"", ""case_0069"", ""case_0070"", ""case_0071"", ""case_0072"", ""case_0073"", ""case_0074"", ""case_0075"", ""case_0076"", ""case_0077"", ""case_0078"", ""case_0079"", ""case_0080"", ""case_0081"", ""case_0082"", ""case_0083"", ""case_0084"", ""case_0085"", ""case_0086"", ""case_0087"", ""case_0088"", ""case_0089"", ""case_0090"", ""case_0091"", ""case_0092"", ""case_0093"", ""case_0094"", ""case_0095"", ""case_0096"", ""case_0097"", ""case_0098"", ""case_0099"", ""case_0100"", ""case_0101"", ""case_0102"", ""case_0103"", ""case_0104"", ""case_0105"", ""case_0106"", ""case_0107"", ""case_0108"", ""case_0109"", ""case_0110"", ""case_0111"", ""case_0112"", ""case_0113"", ""case_0114"", ""case_0115"", ""case_0116"", ""case_0117"", ""case_0118"", ""case_0119"", ""case_0120"", ""case_0121"", ""case_0122"", ""case_0123"", ""case_0124"", ""case_0125"", ""case_0126"", ""case_0127"", ""case_0128"", ""case_0129"", ""case_0130"", ""case_0131"", ""case_0132"", ""case_0133"", ""case_0134"", ""case_0135"", ""case_0136"", ""case_0137"", ""case_0138"", ""case_0139"", ""case_0140"", ""case_0141"", ""case_0142"", ""case_0143"", ""case_0144"", ""case_0145"", ""case_0146"", ""case_0147"", ""case_0148"", ""case_0149"", ""case_0150"", ""case_0151"", ""case_0152"", ""case_0153"", ""case_0154"", ""case_0155"", ""case_0156"", ""case_0157"", ""case_0158"", ""case_0159"", ""case_0160"", ""case_0161"", ""case_0162"", ""case_0163"", ""case_0164"", ""case_0165"", ""case_0166"", ""case_0167"", ""case_0168"", ""case_0169"", ""case_0170"", ""case_0171"", ""case_0172"", ""case_0173"", ""case_0174"", ""case_0175"", ""case_0176"", ""case_0177"", ""case_0178"", ""case_0179"", ""case_0180"", ""case_0181"", ""case_0182"", ""case_0183"", ""case_0184"", ""case_0185"", ""case_0186"", ""case_0187"", ""case_0188"", ""case_0189"", ""case_0190"", ""case_0191"", ""case_0192"", ""case_0193"", ""case_0194"", ""case_0195"", ""case_0196"", ""case_0197"", ""case_0198"", ""case_0199"", ""case_0200"", ""case_0201"", ""case_0202"", ""case_0203"", ""case_0204"", ""case_0205"", ""case_0206"", ""case_0207"", ""case_0208"", ""case_0209"", ""case_0210"", ""case_0211"", ""case_0212"", ""case_0213"", ""case_0214"", ""case_0215"", ""case_0216"", ""case_0217"", ""case_0218"", ""case_0219"", ""case_0220"", ""case_0221"", ""case_0222"", ""case_0223"", ""case_0224"", ""case_0225"", ""case_0226"", ""case_0227"", ""case_0228"", ""case_0229"", ""case_0230"", ""case_0231"", ""case_0232"", ""case_0233"", ""case_0234"", ""case_0235"", ""case_0236"", ""case_0237"", ""case_0238"", ""case_0239"", ""case_0240"", ""case_0241"", ""case_0242"", ""case_0243"", ""case_0244"", ""case_0245"", ""case_0246"", ""case_0247"", ""case_0248"", ""case_0249"", ""case_0250"", ""case_0251"", ""case_0252"", ""case_0253"", ""case_0254"", ""case_0255""]","SME-confirmed source IR, reproduced frozen synthetic expectations and matching target outputs; bounded local evidence.",,"[{""file"": ""processes/example-reuse/synthetic/run-0001/ELIGIBLE/expected.json"", ""kind"": ""frozen_source_expectations"", ""sha256"": ""72fb1cc3d28079c1997cf3e1886f949d093e4a6fc9ceaeb9df3112401f2538e3""}, {""file"": ""processes/example-reuse/synthetic/run-0001/ELIGIBLE/actual-and-comparison.json"", ""kind"": ""reproduced_target_comparison"", ""sha256"": ""e63e2e21489235c788e57313cbf47d45a75d865d76e83922ed40fa77f3b1b3d7""}, {""file"": ""processes/example-reuse/target/run-0001/ELIGIBLE.py"", ""kind"": ""executed_target_version"", ""sha256"": ""d3ee5b44a3fa4e38821cffd8fccd948b80f52e392c69a61c108792206ce67f1f""}]"
ELIGIBLE.cbl,cobol_program,1b86b3b54531ecac8dcf7d8357d39532ec2bb02af7cb3b24dc9b6871b343899a,22,  IF AMOUNT > 50000,da4edc94cf60e7ca4ccf8ea247558e4683af82708098d1269a2b0ba1c21d330c,bf5529cb1d4dfeb27961a7de480b855aa750eb23848babeca398de3246bc6dcd,22,26,mapped_verified,shared/target/python/d3ee5b44a3fa4e38821cffd8fccd948b80f52e392c69a61c108792206ce67f1f.py,d3ee5b44a3fa4e38821cffd8fccd948b80f52e392c69a61c108792206ce67f1f,23,27,"[{""end"": 27, ""file"": ""shared/target/python/d3ee5b44a3fa4e38821cffd8fccd948b80f52e392c69a61c108792206ce67f1f.py"", ""start"": 23, ""version"": ""d3ee5b44a3fa4e38821cffd8fccd948b80f52e392c69a61c108792206ce67f1f""}]","[""case_0000"", ""case_0001"", ""case_0002"", ""case_0003"", ""case_0004"", ""case_0005"", ""case_0006"", ""case_0007"", ""case_0008"", ""case_0009"", ""case_0010"", ""case_0011"", ""case_0012"", ""case_0013"", ""case_0014"", ""case_0015"", ""case_0016"", ""case_0017"", ""case_0018"", ""case_0019"", ""case_0020"", ""case_0021"", ""case_0022"", ""case_0023"", ""case_0024"", ""case_0025"", ""case_0026"", ""case_0027"", ""case_0028"", ""case_0029"", ""case_0030"", ""case_0031"", ""case_0032"", ""case_0033"", ""case_0034"", ""case_0035"", ""case_0036"", ""case_0037"", ""case_0038"", ""case_0039"", ""case_0040"", ""case_0041"", ""case_0042"", ""case_0043"", ""case_0044"", ""case_0045"", ""case_0046"", ""case_0047"", ""case_0048"", ""case_0049"", ""case_0050"", ""case_0051"", ""case_0052"", ""case_0053"", ""case_0054"", ""case_0055"", ""case_0056"", ""case_0057"", ""case_0058"", ""case_0059"", ""case_0060"", ""case_0061"", ""case_0062"", ""case_0063"", ""case_0064"", ""case_0065"", ""case_0066"", ""case_0067"", ""case_0068"", ""case_0069"", ""case_0070"", ""case_0071"", ""case_0072"", ""case_0073"", ""case_0074"", ""case_0075"", ""case_0076"", ""case_0077"", ""case_0078"", ""case_0079"", ""case_0080"", ""case_0081"", ""case_0082"", ""case_0083"", ""case_0084"", ""case_0085"", ""case_0086"", ""case_0087"", ""case_0088"", ""case_0089"", ""case_0090"", ""case_0091"", ""case_0092"", ""case_0093"", ""case_0094"", ""case_0095"", ""case_0096"", ""case_0097"", ""case_0098"", ""case_0099"", ""case_0100"", ""case_0101"", ""case_0102"", ""case_0103"", ""case_0104"", ""case_0105"", ""case_0106"", ""case_0107"", ""case_0108"", ""case_0109"", ""case_0110"", ""case_0111"", ""case_0112"", ""case_0113"", ""case_0114"", ""case_0115"", ""case_0116"", ""case_0117"", ""case_0118"", ""case_0119"", ""case_0120"", ""case_0121"", ""case_0122"", ""case_0123"", ""case_0124"", ""case_0125"", ""case_0126"", ""case_0127"", ""case_0128"", ""case_0129"", ""case_0130"", ""case_0131"", ""case_0132"", ""case_0133"", ""case_0134"", ""case_0135"", ""case_0136"", ""case_0137"", ""case_0138"", ""case_0139"", ""case_0140"", ""case_0141"", ""case_0142"", ""case_0143"", ""case_0144"", ""case_0145"", ""case_0146"", ""case_0147"", ""case_0148"", ""case_0149"", ""case_0150"", ""case_0151"", ""case_0152"", ""case_0153"", ""case_0154"", ""case_0155"", ""case_0156"", ""case_0157"", ""case_0158"", ""case_0159"", ""case_0160"", ""case_0161"", ""case_0162"", ""case_0163"", ""case_0164"", ""case_0165"", ""case_0166"", ""case_0167"", ""case_0168"", ""case_0169"", ""case_0170"", ""case_0171"", ""case_0172"", ""case_0173"", ""case_0174"", ""case_0175"", ""case_0176"", ""case_0177"", ""case_0178"", ""case_0179"", ""case_0180"", ""case_0181"", ""case_0182"", ""case_0183"", ""case_0184"", ""case_0185"", ""case_0186"", ""case_0187"", ""case_0188"", ""case_0189"", ""case_0190"", ""case_0191"", ""case_0192"", ""case_0193"", ""case_0194"", ""case_0195"", ""case_0196"", ""case_0197"", ""case_0198"", ""case_0199"", ""case_0200"", ""case_0201"", ""case_0202"", ""case_0203"", ""case_0204"", ""case_0205"", ""case_0206"", ""case_0207"", ""case_0208"", ""case_0209"", ""case_0210"", ""case_0211"", ""case_0212"", ""case_0213"", ""case_0214"", ""case_0215"", ""case_0216"", ""case_0217"", ""case_0218"", ""case_0219"", ""case_0220"", ""case_0221"", ""case_0222"", ""case_0223"", ""case_0224"", ""case_0225"", ""case_0226"", ""case_0227"", ""case_0228"", ""case_0229"", ""case_0230"", ""case_0231"", ""case_0232"", ""case_0233"", ""case_0234"", ""case_0235"", ""case_0236"", ""case_0237"", ""case_0238"", ""case_0239"", ""case_0240"", ""case_0241"", ""case_0242"", ""case_0243"", ""case_0244"", ""case_0245"", ""case_0246"", ""case_0247"", ""case_0248"", ""case_0249"", ""case_0250"", ""case_0251"", ""case_0252"", ""case_0253"", ""case_0254"", ""case_0255""]","SME-confirmed source IR, reproduced frozen synthetic expectations and matching target outputs; bounded local evidence.",,"[{""file"": ""processes/example-reuse/synthetic/run-0001/ELIGIBLE/expected.json"", ""kind"": ""frozen_source_expectations"", ""sha256"": ""72fb1cc3d28079c1997cf3e1886f949d093e4a6fc9ceaeb9df3112401f2538e3""}, {""file"": ""processes/example-reuse/synthetic/run-0001/ELIGIBLE/actual-and-comparison.json"", ""kind"": ""reproduced_target_comparison"", ""sha256"": ""e63e2e21489235c788e57313cbf47d45a75d865d76e83922ed40fa77f3b1b3d7""}, {""file"": ""processes/example-reuse/target/run-0001/ELIGIBLE.py"", ""kind"": ""executed_target_version"", ""sha256"": ""d3ee5b44a3fa4e38821cffd8fccd948b80f52e392c69a61c108792206ce67f1f""}]"
ELIGIBLE.cbl,cobol_program,1b86b3b54531ecac8dcf7d8357d39532ec2bb02af7cb3b24dc9b6871b343899a,23,"    MOVE ""R"" TO DECISION",4c42e077987b34576fdf1247022a9a6ee7900badc33038f7a18debf67d7d4719,bf5529cb1d4dfeb27961a7de480b855aa750eb23848babeca398de3246bc6dcd,22,26,mapped_verified,shared/target/python/d3ee5b44a3fa4e38821cffd8fccd948b80f52e392c69a61c108792206ce67f1f.py,d3ee5b44a3fa4e38821cffd8fccd948b80f52e392c69a61c108792206ce67f1f,23,27,"[{""end"": 27, ""file"": ""shared/target/python/d3ee5b44a3fa4e38821cffd8fccd948b80f52e392c69a61c108792206ce67f1f.py"", ""start"": 23, ""version"": ""d3ee5b44a3fa4e38821cffd8fccd948b80f52e392c69a61c108792206ce67f1f""}]","[""case_0000"", ""case_0001"", ""case_0002"", ""case_0003"", ""case_0004"", ""case_0005"", ""case_0006"", ""case_0007"", ""case_0008"", ""case_0009"", ""case_0010"", ""case_0011"", ""case_0012"", ""case_0013"", ""case_0014"", ""case_0015"", ""case_0016"", ""case_0017"", ""case_0018"", ""case_0019"", ""case_0020"", ""case_0021"", ""case_0022"", ""case_0023"", ""case_0024"", ""case_0025"", ""case_0026"", ""case_0027"", ""case_0028"", ""case_0029"", ""case_0030"", ""case_0031"", ""case_0032"", ""case_0033"", ""case_0034"", ""case_0035"", ""case_0036"", ""case_0037"", ""case_0038"", ""case_0039"", ""case_0040"", ""case_0041"", ""case_0042"", ""case_0043"", ""case_0044"", ""case_0045"", ""case_0046"", ""case_0047"", ""case_0048"", ""case_0049"", ""case_0050"", ""case_0051"", ""case_0052"", ""case_0053"", ""case_0054"", ""case_0055"", ""case_0056"", ""case_0057"", ""case_0058"", ""case_0059"", ""case_0060"", ""case_0061"", ""case_0062"", ""case_0063"", ""case_0064"", ""case_0065"", ""case_0066"", ""case_0067"", ""case_0068"", ""case_0069"", ""case_0070"", ""case_0071"", ""case_0072"", ""case_0073"", ""case_0074"", ""case_0075"", ""case_0076"", ""case_0077"", ""case_0078"", ""case_0079"", ""case_0080"", ""case_0081"", ""case_0082"", ""case_0083"", ""case_0084"", ""case_0085"", ""case_0086"", ""case_0087"", ""case_0088"", ""case_0089"", ""case_0090"", ""case_0091"", ""case_0092"", ""case_0093"", ""case_0094"", ""case_0095"", ""case_0096"", ""case_0097"", ""case_0098"", ""case_0099"", ""case_0100"", ""case_0101"", ""case_0102"", ""case_0103"", ""case_0104"", ""case_0105"", ""case_0106"", ""case_0107"", ""case_0108"", ""case_0109"", ""case_0110"", ""case_0111"", ""case_0112"", ""case_0113"", ""case_0114"", ""case_0115"", ""case_0116"", ""case_0117"", ""case_0118"", ""case_0119"", ""case_0120"", ""case_0121"", ""case_0122"", ""case_0123"", ""case_0124"", ""case_0125"", ""case_0126"", ""case_0127"", ""case_0128"", ""case_0129"", ""case_0130"", ""case_0131"", ""case_0132"", ""case_0133"", ""case_0134"", ""case_0135"", ""case_0136"", ""case_0137"", ""case_0138"", ""case_0139"", ""case_0140"", ""case_0141"", ""case_0142"", ""case_0143"", ""case_0144"", ""case_0145"", ""case_0146"", ""case_0147"", ""case_0148"", ""case_0149"", ""case_0150"", ""case_0151"", ""case_0152"", ""case_0153"", ""case_0154"", ""case_0155"", ""case_0156"", ""case_0157"", ""case_0158"", ""case_0159"", ""case_0160"", ""case_0161"", ""case_0162"", ""case_0163"", ""case_0164"", ""case_0165"", ""case_0166"", ""case_0167"", ""case_0168"", ""case_0169"", ""case_0170"", ""case_0171"", ""case_0172"", ""case_0173"", ""case_0174"", ""case_0175"", ""case_0176"", ""case_0177"", ""case_0178"", ""case_0179"", ""case_0180"", ""case_0181"", ""case_0182"", ""case_0183"", ""case_0184"", ""case_0185"", ""case_0186"", ""case_0187"", ""case_0188"", ""case_0189"", ""case_0190"", ""case_0191"", ""case_0192"", ""case_0193"", ""case_0194"", ""case_0195"", ""case_0196"", ""case_0197"", ""case_0198"", ""case_0199"", ""case_0200"", ""case_0201"", ""case_0202"", ""case_0203"", ""case_0204"", ""case_0205"", ""case_0206"", ""case_0207"", ""case_0208"", ""case_0209"", ""case_0210"", ""case_0211"", ""case_0212"", ""case_0213"", ""case_0214"", ""case_0215"", ""case_0216"", ""case_0217"", ""case_0218"", ""case_0219"", ""case_0220"", ""case_0221"", ""case_0222"", ""case_0223"", ""case_0224"", ""case_0225"", ""case_0226"", ""case_0227"", ""case_0228"", ""case_0229"", ""case_0230"", ""case_0231"", ""case_0232"", ""case_0233"", ""case_0234"", ""case_0235"", ""case_0236"", ""case_0237"", ""case_0238"", ""case_0239"", ""case_0240"", ""case_0241"", ""case_0242"", ""case_0243"", ""case_0244"", ""case_0245"", ""case_0246"", ""case_0247"", ""case_0248"", ""case_0249"", ""case_0250"", ""case_0251"", ""case_0252"", ""case_0253"", ""case_0254"", ""case_0255""]","SME-confirmed source IR, reproduced frozen synthetic expectations and matching target outputs; bounded local evidence.",,"[{""file"": ""processes/example-reuse/synthetic/run-0001/ELIGIBLE/expected.json"", ""kind"": ""frozen_source_expectations"", ""sha256"": ""72fb1cc3d28079c1997cf3e1886f949d093e4a6fc9ceaeb9df3112401f2538e3""}, {""file"": ""processes/example-reuse/synthetic/run-0001/ELIGIBLE/actual-and-comparison.json"", ""kind"": ""reproduced_target_comparison"", ""sha256"": ""e63e2e21489235c788e57313cbf47d45a75d865d76e83922ed40fa77f3b1b3d7""}, {""file"": ""processes/example-reuse/target/run-0001/ELIGIBLE.py"", ""kind"": ""executed_target_version"", ""sha256"": ""d3ee5b44a3fa4e38821cffd8fccd948b80f52e392c69a61c108792206ce67f1f""}]"
ELIGIBLE.cbl,cobol_program,1b86b3b54531ecac8dcf7d8357d39532ec2bb02af7cb3b24dc9b6871b343899a,24,  ELSE,f413ae9be557c98d16fffae75bfcd07b1b019c4a32c7c2cb742d19fc99222317,bf5529cb1d4dfeb27961a7de480b855aa750eb23848babeca398de3246bc6dcd,22,26,mapped_verified,shared/target/python/d3ee5b44a3fa4e38821cffd8fccd948b80f52e392c69a61c108792206ce67f1f.py,d3ee5b44a3fa4e38821cffd8fccd948b80f52e392c69a61c108792206ce67f1f,23,27,"[{""end"": 27, ""file"": ""shared/target/python/d3ee5b44a3fa4e38821cffd8fccd948b80f52e392c69a61c108792206ce67f1f.py"", ""start"": 23, ""version"": ""d3ee5b44a3fa4e38821cffd8fccd948b80f52e392c69a61c108792206ce67f1f""}]","[""case_0000"", ""case_0001"", ""case_0002"", ""case_0003"", ""case_0004"", ""case_0005"", ""case_0006"", ""case_0007"", ""case_0008"", ""case_0009"", ""case_0010"", ""case_0011"", ""case_0012"", ""case_0013"", ""case_0014"", ""case_0015"", ""case_0016"", ""case_0017"", ""case_0018"", ""case_0019"", ""case_0020"", ""case_0021"", ""case_0022"", ""case_0023"", ""case_0024"", ""case_0025"", ""case_0026"", ""case_0027"", ""case_0028"", ""case_0029"", ""case_0030"", ""case_0031"", ""case_0032"", ""case_0033"", ""case_0034"", ""case_0035"", ""case_0036"", ""case_0037"", ""case_0038"", ""case_0039"", ""case_0040"", ""case_0041"", ""case_0042"", ""case_0043"", ""case_0044"", ""case_0045"", ""case_0046"", ""case_0047"", ""case_0048"", ""case_0049"", ""case_0050"", ""case_0051"", ""case_0052"", ""case_0053"", ""case_0054"", ""case_0055"", ""case_0056"", ""case_0057"", ""case_0058"", ""case_0059"", ""case_0060"", ""case_0061"", ""case_0062"", ""case_0063"", ""case_0064"", ""case_0065"", ""case_0066"", ""case_0067"", ""case_0068"", ""case_0069"", ""case_0070"", ""case_0071"", ""case_0072"", ""case_0073"", ""case_0074"", ""case_0075"", ""case_0076"", ""case_0077"", ""case_0078"", ""case_0079"", ""case_0080"", ""case_0081"", ""case_0082"", ""case_0083"", ""case_0084"", ""case_0085"", ""case_0086"", ""case_0087"", ""case_0088"", ""case_0089"", ""case_0090"", ""case_0091"", ""case_0092"", ""case_0093"", ""case_0094"", ""case_0095"", ""case_0096"", ""case_0097"", ""case_0098"", ""case_0099"", ""case_0100"", ""case_0101"", ""case_0102"", ""case_0103"", ""case_0104"", ""case_0105"", ""case_0106"", ""case_0107"", ""case_0108"", ""case_0109"", ""case_0110"", ""case_0111"", ""case_0112"", ""case_0113"", ""case_0114"", ""case_0115"", ""case_0116"", ""case_0117"", ""case_0118"", ""case_0119"", ""case_0120"", ""case_0121"", ""case_0122"", ""case_0123"", ""case_0124"", ""case_0125"", ""case_0126"", ""case_0127"", ""case_0128"", ""case_0129"", ""case_0130"", ""case_0131"", ""case_0132"", ""case_0133"", ""case_0134"", ""case_0135"", ""case_0136"", ""case_0137"", ""case_0138"", ""case_0139"", ""case_0140"", ""case_0141"", ""case_0142"", ""case_0143"", ""case_0144"", ""case_0145"", ""case_0146"", ""case_0147"", ""case_0148"", ""case_0149"", ""case_0150"", ""case_0151"", ""case_0152"", ""case_0153"", ""case_0154"", ""case_0155"", ""case_0156"", ""case_0157"", ""case_0158"", ""case_0159"", ""case_0160"", ""case_0161"", ""case_0162"", ""case_0163"", ""case_0164"", ""case_0165"", ""case_0166"", ""case_0167"", ""case_0168"", ""case_0169"", ""case_0170"", ""case_0171"", ""case_0172"", ""case_0173"", ""case_0174"", ""case_0175"", ""case_0176"", ""case_0177"", ""case_0178"", ""case_0179"", ""case_0180"", ""case_0181"", ""case_0182"", ""case_0183"", ""case_0184"", ""case_0185"", ""case_0186"", ""case_0187"", ""case_0188"", ""case_0189"", ""case_0190"", ""case_0191"", ""case_0192"", ""case_0193"", ""case_0194"", ""case_0195"", ""case_0196"", ""case_0197"", ""case_0198"", ""case_0199"", ""case_0200"", ""case_0201"", ""case_0202"", ""case_0203"", ""case_0204"", ""case_0205"", ""case_0206"", ""case_0207"", ""case_0208"", ""case_0209"", ""case_0210"", ""case_0211"", ""case_0212"", ""case_0213"", ""case_0214"", ""case_0215"", ""case_0216"", ""case_0217"", ""case_0218"", ""case_0219"", ""case_0220"", ""case_0221"", ""case_0222"", ""case_0223"", ""case_0224"", ""case_0225"", ""case_0226"", ""case_0227"", ""case_0228"", ""case_0229"", ""case_0230"", ""case_0231"", ""case_0232"", ""case_0233"", ""case_0234"", ""case_0235"", ""case_0236"", ""case_0237"", ""case_0238"", ""case_0239"", ""case_0240"", ""case_0241"", ""case_0242"", ""case_0243"", ""case_0244"", ""case_0245"", ""case_0246"", ""case_0247"", ""case_0248"", ""case_0249"", ""case_0250"", ""case_0251"", ""case_0252"", ""case_0253"", ""case_0254"", ""case_0255""]","SME-confirmed source IR, reproduced frozen synthetic expectations and matching target outputs; bounded local evidence.",,"[{""file"": ""processes/example-reuse/synthetic/run-0001/ELIGIBLE/expected.json"", ""kind"": ""frozen_source_expectations"", ""sha256"": ""72fb1cc3d28079c1997cf3e1886f949d093e4a6fc9ceaeb9df3112401f2538e3""}, {""file"": ""processes/example-reuse/synthetic/run-0001/ELIGIBLE/actual-and-comparison.json"", ""kind"": ""reproduced_target_comparison"", ""sha256"": ""e63e2e21489235c788e57313cbf47d45a75d865d76e83922ed40fa77f3b1b3d7""}, {""file"": ""processes/example-reuse/target/run-0001/ELIGIBLE.py"", ""kind"": ""executed_target_version"", ""sha256"": ""d3ee5b44a3fa4e38821cffd8fccd948b80f52e392c69a61c108792206ce67f1f""}]"
ELIGIBLE.cbl,cobol_program,1b86b3b54531ecac8dcf7d8357d39532ec2bb02af7cb3b24dc9b6871b343899a,25,    CONTINUE,6b33d272d79086fb5b8c3a116eb3e41ed61393762fa0b327f075d819f665ff2b,bf5529cb1d4dfeb27961a7de480b855aa750eb23848babeca398de3246bc6dcd,22,26,mapped_verified,shared/target/python/d3ee5b44a3fa4e38821cffd8fccd948b80f52e392c69a61c108792206ce67f1f.py,d3ee5b44a3fa4e38821cffd8fccd948b80f52e392c69a61c108792206ce67f1f,23,27,"[{""end"": 27, ""file"": ""shared/target/python/d3ee5b44a3fa4e38821cffd8fccd948b80f52e392c69a61c108792206ce67f1f.py"", ""start"": 23, ""version"": ""d3ee5b44a3fa4e38821cffd8fccd948b80f52e392c69a61c108792206ce67f1f""}]","[""case_0000"", ""case_0001"", ""case_0002"", ""case_0003"", ""case_0004"", ""case_0005"", ""case_0006"", ""case_0007"", ""case_0008"", ""case_0009"", ""case_0010"", ""case_0011"", ""case_0012"", ""case_0013"", ""case_0014"", ""case_0015"", ""case_0016"", ""case_0017"", ""case_0018"", ""case_0019"", ""case_0020"", ""case_0021"", ""case_0022"", ""case_0023"", ""case_0024"", ""case_0025"", ""case_0026"", ""case_0027"", ""case_0028"", ""case_0029"", ""case_0030"", ""case_0031"", ""case_0032"", ""case_0033"", ""case_0034"", ""case_0035"", ""case_0036"", ""case_0037"", ""case_0038"", ""case_0039"", ""case_0040"", ""case_0041"", ""case_0042"", ""case_0043"", ""case_0044"", ""case_0045"", ""case_0046"", ""case_0047"", ""case_0048"", ""case_0049"", ""case_0050"", ""case_0051"", ""case_0052"", ""case_0053"", ""case_0054"", ""case_0055"", ""case_0056"", ""case_0057"", ""case_0058"", ""case_0059"", ""case_0060"", ""case_0061"", ""case_0062"", ""case_0063"", ""case_0064"", ""case_0065"", ""case_0066"", ""case_0067"", ""case_0068"", ""case_0069"", ""case_0070"", ""case_0071"", ""case_0072"", ""case_0073"", ""case_0074"", ""case_0075"", ""case_0076"", ""case_0077"", ""case_0078"", ""case_0079"", ""case_0080"", ""case_0081"", ""case_0082"", ""case_0083"", ""case_0084"", ""case_0085"", ""case_0086"", ""case_0087"", ""case_0088"", ""case_0089"", ""case_0090"", ""case_0091"", ""case_0092"", ""case_0093"", ""case_0094"", ""case_0095"", ""case_0096"", ""case_0097"", ""case_0098"", ""case_0099"", ""case_0100"", ""case_0101"", ""case_0102"", ""case_0103"", ""case_0104"", ""case_0105"", ""case_0106"", ""case_0107"", ""case_0108"", ""case_0109"", ""case_0110"", ""case_0111"", ""case_0112"", ""case_0113"", ""case_0114"", ""case_0115"", ""case_0116"", ""case_0117"", ""case_0118"", ""case_0119"", ""case_0120"", ""case_0121"", ""case_0122"", ""case_0123"", ""case_0124"", ""case_0125"", ""case_0126"", ""case_0127"", ""case_0128"", ""case_0129"", ""case_0130"", ""case_0131"", ""case_0132"", ""case_0133"", ""case_0134"", ""case_0135"", ""case_0136"", ""case_0137"", ""case_0138"", ""case_0139"", ""case_0140"", ""case_0141"", ""case_0142"", ""case_0143"", ""case_0144"", ""case_0145"", ""case_0146"", ""case_0147"", ""case_0148"", ""case_0149"", ""case_0150"", ""case_0151"", ""case_0152"", ""case_0153"", ""case_0154"", ""case_0155"", ""case_0156"", ""case_0157"", ""case_0158"", ""case_0159"", ""case_0160"", ""case_0161"", ""case_0162"", ""case_0163"", ""case_0164"", ""case_0165"", ""case_0166"", ""case_0167"", ""case_0168"", ""case_0169"", ""case_0170"", ""case_0171"", ""case_0172"", ""case_0173"", ""case_0174"", ""case_0175"", ""case_0176"", ""case_0177"", ""case_0178"", ""case_0179"", ""case_0180"", ""case_0181"", ""case_0182"", ""case_0183"", ""case_0184"", ""case_0185"", ""case_0186"", ""case_0187"", ""case_0188"", ""case_0189"", ""case_0190"", ""case_0191"", ""case_0192"", ""case_0193"", ""case_0194"", ""case_0195"", ""case_0196"", ""case_0197"", ""case_0198"", ""case_0199"", ""case_0200"", ""case_0201"", ""case_0202"", ""case_0203"", ""case_0204"", ""case_0205"", ""case_0206"", ""case_0207"", ""case_0208"", ""case_0209"", ""case_0210"", ""case_0211"", ""case_0212"", ""case_0213"", ""case_0214"", ""case_0215"", ""case_0216"", ""case_0217"", ""case_0218"", ""case_0219"", ""case_0220"", ""case_0221"", ""case_0222"", ""case_0223"", ""case_0224"", ""case_0225"", ""case_0226"", ""case_0227"", ""case_0228"", ""case_0229"", ""case_0230"", ""case_0231"", ""case_0232"", ""case_0233"", ""case_0234"", ""case_0235"", ""case_0236"", ""case_0237"", ""case_0238"", ""case_0239"", ""case_0240"", ""case_0241"", ""case_0242"", ""case_0243"", ""case_0244"", ""case_0245"", ""case_0246"", ""case_0247"", ""case_0248"", ""case_0249"", ""case_0250"", ""case_0251"", ""case_0252"", ""case_0253"", ""case_0254"", ""case_0255""]","SME-confirmed source IR, reproduced frozen synthetic expectations and matching target outputs; bounded local evidence.",,"[{""file"": ""processes/example-reuse/synthetic/run-0001/ELIGIBLE/expected.json"", ""kind"": ""frozen_source_expectations"", ""sha256"": ""72fb1cc3d28079c1997cf3e1886f949d093e4a6fc9ceaeb9df3112401f2538e3""}, {""file"": ""processes/example-reuse/synthetic/run-0001/ELIGIBLE/actual-and-comparison.json"", ""kind"": ""reproduced_target_comparison"", ""sha256"": ""e63e2e21489235c788e57313cbf47d45a75d865d76e83922ed40fa77f3b1b3d7""}, {""file"": ""processes/example-reuse/target/run-0001/ELIGIBLE.py"", ""kind"": ""executed_target_version"", ""sha256"": ""d3ee5b44a3fa4e38821cffd8fccd948b80f52e392c69a61c108792206ce67f1f""}]"
ELIGIBLE.cbl,cobol_program,1b86b3b54531ecac8dcf7d8357d39532ec2bb02af7cb3b24dc9b6871b343899a,26,  END-IF.,edbdf49a85da6daf5d30b099e9813d18765fc6ce6f7cf17ed4c8c12226e88623,bf5529cb1d4dfeb27961a7de480b855aa750eb23848babeca398de3246bc6dcd,22,26,mapped_verified,shared/target/python/d3ee5b44a3fa4e38821cffd8fccd948b80f52e392c69a61c108792206ce67f1f.py,d3ee5b44a3fa4e38821cffd8fccd948b80f52e392c69a61c108792206ce67f1f,23,27,"[{""end"": 27, ""file"": ""shared/target/python/d3ee5b44a3fa4e38821cffd8fccd948b80f52e392c69a61c108792206ce67f1f.py"", ""start"": 23, ""version"": ""d3ee5b44a3fa4e38821cffd8fccd948b80f52e392c69a61c108792206ce67f1f""}]","[""case_0000"", ""case_0001"", ""case_0002"", ""case_0003"", ""case_0004"", ""case_0005"", ""case_0006"", ""case_0007"", ""case_0008"", ""case_0009"", ""case_0010"", ""case_0011"", ""case_0012"", ""case_0013"", ""case_0014"", ""case_0015"", ""case_0016"", ""case_0017"", ""case_0018"", ""case_0019"", ""case_0020"", ""case_0021"", ""case_0022"", ""case_0023"", ""case_0024"", ""case_0025"", ""case_0026"", ""case_0027"", ""case_0028"", ""case_0029"", ""case_0030"", ""case_0031"", ""case_0032"", ""case_0033"", ""case_0034"", ""case_0035"", ""case_0036"", ""case_0037"", ""case_0038"", ""case_0039"", ""case_0040"", ""case_0041"", ""case_0042"", ""case_0043"", ""case_0044"", ""case_0045"", ""case_0046"", ""case_0047"", ""case_0048"", ""case_0049"", ""case_0050"", ""case_0051"", ""case_0052"", ""case_0053"", ""case_0054"", ""case_0055"", ""case_0056"", ""case_0057"", ""case_0058"", ""case_0059"", ""case_0060"", ""case_0061"", ""case_0062"", ""case_0063"", ""case_0064"", ""case_0065"", ""case_0066"", ""case_0067"", ""case_0068"", ""case_0069"", ""case_0070"", ""case_0071"", ""case_0072"", ""case_0073"", ""case_0074"", ""case_0075"", ""case_0076"", ""case_0077"", ""case_0078"", ""case_0079"", ""case_0080"", ""case_0081"", ""case_0082"", ""case_0083"", ""case_0084"", ""case_0085"", ""case_0086"", ""case_0087"", ""case_0088"", ""case_0089"", ""case_0090"", ""case_0091"", ""case_0092"", ""case_0093"", ""case_0094"", ""case_0095"", ""case_0096"", ""case_0097"", ""case_0098"", ""case_0099"", ""case_0100"", ""case_0101"", ""case_0102"", ""case_0103"", ""case_0104"", ""case_0105"", ""case_0106"", ""case_0107"", ""case_0108"", ""case_0109"", ""case_0110"", ""case_0111"", ""case_0112"", ""case_0113"", ""case_0114"", ""case_0115"", ""case_0116"", ""case_0117"", ""case_0118"", ""case_0119"", ""case_0120"", ""case_0121"", ""case_0122"", ""case_0123"", ""case_0124"", ""case_0125"", ""case_0126"", ""case_0127"", ""case_0128"", ""case_0129"", ""case_0130"", ""case_0131"", ""case_0132"", ""case_0133"", ""case_0134"", ""case_0135"", ""case_0136"", ""case_0137"", ""case_0138"", ""case_0139"", ""case_0140"", ""case_0141"", ""case_0142"", ""case_0143"", ""case_0144"", ""case_0145"", ""case_0146"", ""case_0147"", ""case_0148"", ""case_0149"", ""case_0150"", ""case_0151"", ""case_0152"", ""case_0153"", ""case_0154"", ""case_0155"", ""case_0156"", ""case_0157"", ""case_0158"", ""case_0159"", ""case_0160"", ""case_0161"", ""case_0162"", ""case_0163"", ""case_0164"", ""case_0165"", ""case_0166"", ""case_0167"", ""case_0168"", ""case_0169"", ""case_0170"", ""case_0171"", ""case_0172"", ""case_0173"", ""case_0174"", ""case_0175"", ""case_0176"", ""case_0177"", ""case_0178"", ""case_0179"", ""case_0180"", ""case_0181"", ""case_0182"", ""case_0183"", ""case_0184"", ""case_0185"", ""case_0186"", ""case_0187"", ""case_0188"", ""case_0189"", ""case_0190"", ""case_0191"", ""case_0192"", ""case_0193"", ""case_0194"", ""case_0195"", ""case_0196"", ""case_0197"", ""case_0198"", ""case_0199"", ""case_0200"", ""case_0201"", ""case_0202"", ""case_0203"", ""case_0204"", ""case_0205"", ""case_0206"", ""case_0207"", ""case_0208"", ""case_0209"", ""case_0210"", ""case_0211"", ""case_0212"", ""case_0213"", ""case_0214"", ""case_0215"", ""case_0216"", ""case_0217"", ""case_0218"", ""case_0219"", ""case_0220"", ""case_0221"", ""case_0222"", ""case_0223"", ""case_0224"", ""case_0225"", ""case_0226"", ""case_0227"", ""case_0228"", ""case_0229"", ""case_0230"", ""case_0231"", ""case_0232"", ""case_0233"", ""case_0234"", ""case_0235"", ""case_0236"", ""case_0237"", ""case_0238"", ""case_0239"", ""case_0240"", ""case_0241"", ""case_0242"", ""case_0243"", ""case_0244"", ""case_0245"", ""case_0246"", ""case_0247"", ""case_0248"", ""case_0249"", ""case_0250"", ""case_0251"", ""case_0252"", ""case_0253"", ""case_0254"", ""case_0255""]","SME-confirmed source IR, reproduced frozen synthetic expectations and matching target outputs; bounded local evidence.",,"[{""file"": ""processes/example-reuse/synthetic/run-0001/ELIGIBLE/expected.json"", ""kind"": ""frozen_source_expectations"", ""sha256"": ""72fb1cc3d28079c1997cf3e1886f949d093e4a6fc9ceaeb9df3112401f2538e3""}, {""file"": ""processes/example-reuse/synthetic/run-0001/ELIGIBLE/actual-and-comparison.json"", ""kind"": ""reproduced_target_comparison"", ""sha256"": ""e63e2e21489235c788e57313cbf47d45a75d865d76e83922ed40fa77f3b1b3d7""}, {""file"": ""processes/example-reuse/target/run-0001/ELIGIBLE.py"", ""kind"": ""executed_target_version"", ""sha256"": ""d3ee5b44a3fa4e38821cffd8fccd948b80f52e392c69a61c108792206ce67f1f""}]"
ELIGIBLE.cbl,cobol_program,1b86b3b54531ecac8dcf7d8357d39532ec2bb02af7cb3b24dc9b6871b343899a,27,  GOBACK.,c424abe96f96fc4b4e0af39ec932302a4750be5a835d4137e2c689008945e92f,3d02d120ed7231f114b2ae0ca39dd3b993af699436dce6c56dc53a8b4812c4ea,27,27,platform_replaced_verified,shared/target/python/d3ee5b44a3fa4e38821cffd8fccd948b80f52e392c69a61c108792206ce67f1f.py,d3ee5b44a3fa4e38821cffd8fccd948b80f52e392c69a61c108792206ce67f1f,28,28,"[{""end"": 28, ""file"": ""shared/target/python/d3ee5b44a3fa4e38821cffd8fccd948b80f52e392c69a61c108792206ce67f1f.py"", ""start"": 28, ""version"": ""d3ee5b44a3fa4e38821cffd8fccd948b80f52e392c69a61c108792206ce67f1f""}]","[""case_0000"", ""case_0001"", ""case_0002"", ""case_0003"", ""case_0004"", ""case_0005"", ""case_0006"", ""case_0007"", ""case_0008"", ""case_0009"", ""case_0010"", ""case_0011"", ""case_0012"", ""case_0013"", ""case_0014"", ""case_0015"", ""case_0016"", ""case_0017"", ""case_0018"", ""case_0019"", ""case_0020"", ""case_0021"", ""case_0022"", ""case_0023"", ""case_0024"", ""case_0025"", ""case_0026"", ""case_0027"", ""case_0028"", ""case_0029"", ""case_0030"", ""case_0031"", ""case_0032"", ""case_0033"", ""case_0034"", ""case_0035"", ""case_0036"", ""case_0037"", ""case_0038"", ""case_0039"", ""case_0040"", ""case_0041"", ""case_0042"", ""case_0043"", ""case_0044"", ""case_0045"", ""case_0046"", ""case_0047"", ""case_0048"", ""case_0049"", ""case_0050"", ""case_0051"", ""case_0052"", ""case_0053"", ""case_0054"", ""case_0055"", ""case_0056"", ""case_0057"", ""case_0058"", ""case_0059"", ""case_0060"", ""case_0061"", ""case_0062"", ""case_0063"", ""case_0064"", ""case_0065"", ""case_0066"", ""case_0067"", ""case_0068"", ""case_0069"", ""case_0070"", ""case_0071"", ""case_0072"", ""case_0073"", ""case_0074"", ""case_0075"", ""case_0076"", ""case_0077"", ""case_0078"", ""case_0079"", ""case_0080"", ""case_0081"", ""case_0082"", ""case_0083"", ""case_0084"", ""case_0085"", ""case_0086"", ""case_0087"", ""case_0088"", ""case_0089"", ""case_0090"", ""case_0091"", ""case_0092"", ""case_0093"", ""case_0094"", ""case_0095"", ""case_0096"", ""case_0097"", ""case_0098"", ""case_0099"", ""case_0100"", ""case_0101"", ""case_0102"", ""case_0103"", ""case_0104"", ""case_0105"", ""case_0106"", ""case_0107"", ""case_0108"", ""case_0109"", ""case_0110"", ""case_0111"", ""case_0112"", ""case_0113"", ""case_0114"", ""case_0115"", ""case_0116"", ""case_0117"", ""case_0118"", ""case_0119"", ""case_0120"", ""case_0121"", ""case_0122"", ""case_0123"", ""case_0124"", ""case_0125"", ""case_0126"", ""case_0127"", ""case_0128"", ""case_0129"", ""case_0130"", ""case_0131"", ""case_0132"", ""case_0133"", ""case_0134"", ""case_0135"", ""case_0136"", ""case_0137"", ""case_0138"", ""case_0139"", ""case_0140"", ""case_0141"", ""case_0142"", ""case_0143"", ""case_0144"", ""case_0145"", ""case_0146"", ""case_0147"", ""case_0148"", ""case_0149"", ""case_0150"", ""case_0151"", ""case_0152"", ""case_0153"", ""case_0154"", ""case_0155"", ""case_0156"", ""case_0157"", ""case_0158"", ""case_0159"", ""case_0160"", ""case_0161"", ""case_0162"", ""case_0163"", ""case_0164"", ""case_0165"", ""case_0166"", ""case_0167"", ""case_0168"", ""case_0169"", ""case_0170"", ""case_0171"", ""case_0172"", ""case_0173"", ""case_0174"", ""case_0175"", ""case_0176"", ""case_0177"", ""case_0178"", ""case_0179"", ""case_0180"", ""case_0181"", ""case_0182"", ""case_0183"", ""case_0184"", ""case_0185"", ""case_0186"", ""case_0187"", ""case_0188"", ""case_0189"", ""case_0190"", ""case_0191"", ""case_0192"", ""case_0193"", ""case_0194"", ""case_0195"", ""case_0196"", ""case_0197"", ""case_0198"", ""case_0199"", ""case_0200"", ""case_0201"", ""case_0202"", ""case_0203"", ""case_0204"", ""case_0205"", ""case_0206"", ""case_0207"", ""case_0208"", ""case_0209"", ""case_0210"", ""case_0211"", ""case_0212"", ""case_0213"", ""case_0214"", ""case_0215"", ""case_0216"", ""case_0217"", ""case_0218"", ""case_0219"", ""case_0220"", ""case_0221"", ""case_0222"", ""case_0223"", ""case_0224"", ""case_0225"", ""case_0226"", ""case_0227"", ""case_0228"", ""case_0229"", ""case_0230"", ""case_0231"", ""case_0232"", ""case_0233"", ""case_0234"", ""case_0235"", ""case_0236"", ""case_0237"", ""case_0238"", ""case_0239"", ""case_0240"", ""case_0241"", ""case_0242"", ""case_0243"", ""case_0244"", ""case_0245"", ""case_0246"", ""case_0247"", ""case_0248"", ""case_0249"", ""case_0250"", ""case_0251"", ""case_0252"", ""case_0253"", ""case_0254"", ""case_0255""]","SME-confirmed source IR, reproduced frozen synthetic expectations and matching target outputs; bounded local evidence.","GOBACK/STOP RUN maps to the generated Python return adapter with record, trace and zero return code in the supported process boundary.","[{""file"": ""processes/example-reuse/synthetic/run-0001/ELIGIBLE/expected.json"", ""kind"": ""frozen_source_expectations"", ""sha256"": ""72fb1cc3d28079c1997cf3e1886f949d093e4a6fc9ceaeb9df3112401f2538e3""}, {""file"": ""processes/example-reuse/synthetic/run-0001/ELIGIBLE/actual-and-comparison.json"", ""kind"": ""reproduced_target_comparison"", ""sha256"": ""e63e2e21489235c788e57313cbf47d45a75d865d76e83922ed40fa77f3b1b3d7""}, {""file"": ""processes/example-reuse/target/run-0001/ELIGIBLE.py"", ""kind"": ""executed_target_version"", ""sha256"": ""d3ee5b44a3fa4e38821cffd8fccd948b80f52e392c69a61c108792206ce67f1f""}]"
LAYOUT.cpy,copybook,497529e46b4badc8d0ef30a1dfafa467105a9ceb6d946f08543a90c5717bd3e6,1,01 CUSTOMER-RECORD.,2fb94de01b5c054ab7a06a57dc6d467e0b3dc9a0aa8f208686890e05e9c4bdc3,51ceadd7109e79c25cc99cc205f446c16eec67298322f16c103231768336962a,1,1,non_executable,,,,,[],[],Copybook group label; individual field mappings are accounted separately.,,[]
LAYOUT.cpy,copybook,497529e46b4badc8d0ef30a1dfafa467105a9ceb6d946f08543a90c5717bd3e6,2,  05 CUSTOMER-ID PIC 9(4).,b6af6ea2f0abdbb3c18237e21d49555b73374ddd56c24362c3064f66f84a1553,521ea44cd18798bcb2a3acffe1e4f313e3a968f7490af1a7744ae771b8ab585e,2,2,mapped_verified,/workspace/scratch/fa7e706f6ee4/workbench/workbench/reference.py,f0975b5153dad8c8fc817c272c1a08dd99f014e93faa63adda2cf10cc3e843d3,4,13,"[{""end"": 13, ""file"": ""/workspace/scratch/fa7e706f6ee4/workbench/workbench/reference.py"", ""start"": 4, ""version"": ""f0975b5153dad8c8fc817c272c1a08dd99f014e93faa63adda2cf10cc3e843d3""}]","[""ELIGIBLE:case_0000"", ""ELIGIBLE:case_0001"", ""ELIGIBLE:case_0002"", ""ELIGIBLE:case_0003"", ""ELIGIBLE:case_0004"", ""ELIGIBLE:case_0005"", ""ELIGIBLE:case_0006"", ""ELIGIBLE:case_0007"", ""ELIGIBLE:case_0008"", ""ELIGIBLE:case_0009"", ""ELIGIBLE:case_0010"", ""ELIGIBLE:case_0011"", ""ELIGIBLE:case_0012"", ""ELIGIBLE:case_0013"", ""ELIGIBLE:case_0014"", ""ELIGIBLE:case_0015"", ""ELIGIBLE:case_0016"", ""ELIGIBLE:case_0017"", ""ELIGIBLE:case_0018"", ""ELIGIBLE:case_0019"", ""ELIGIBLE:case_0020"", ""ELIGIBLE:case_0021"", ""ELIGIBLE:case_0022"", ""ELIGIBLE:case_0023"", ""ELIGIBLE:case_0024"", ""ELIGIBLE:case_0025"", ""ELIGIBLE:case_0026"", ""ELIGIBLE:case_0027"", ""ELIGIBLE:case_0028"", ""ELIGIBLE:case_0029"", ""ELIGIBLE:case_0030"", ""ELIGIBLE:case_0031"", ""ELIGIBLE:case_0032"", ""ELIGIBLE:case_0033"", ""ELIGIBLE:case_0034"", ""ELIGIBLE:case_0035"", ""ELIGIBLE:case_0036"", ""ELIGIBLE:case_0037"", ""ELIGIBLE:case_0038"", ""ELIGIBLE:case_0039"", ""ELIGIBLE:case_0040"", ""ELIGIBLE:case_0041"", ""ELIGIBLE:case_0042"", ""ELIGIBLE:case_0043"", ""ELIGIBLE:case_0044"", ""ELIGIBLE:case_0045"", ""ELIGIBLE:case_0046"", ""ELIGIBLE:case_0047"", ""ELIGIBLE:case_0048"", ""ELIGIBLE:case_0049"", ""ELIGIBLE:case_0050"", ""ELIGIBLE:case_0051"", ""ELIGIBLE:case_0052"", ""ELIGIBLE:case_0053"", ""ELIGIBLE:case_0054"", ""ELIGIBLE:case_0055"", ""ELIGIBLE:case_0056"", ""ELIGIBLE:case_0057"", ""ELIGIBLE:case_0058"", ""ELIGIBLE:case_0059"", ""ELIGIBLE:case_0060"", ""ELIGIBLE:case_0061"", ""ELIGIBLE:case_0062"", ""ELIGIBLE:case_0063"", ""ELIGIBLE:case_0064"", ""ELIGIBLE:case_0065"", ""ELIGIBLE:case_0066"", ""ELIGIBLE:case_0067"", ""ELIGIBLE:case_0068"", ""ELIGIBLE:case_0069"", ""ELIGIBLE:case_0070"", ""ELIGIBLE:case_0071"", ""ELIGIBLE:case_0072"", ""ELIGIBLE:case_0073"", ""ELIGIBLE:case_0074"", ""ELIGIBLE:case_0075"", ""ELIGIBLE:case_0076"", ""ELIGIBLE:case_0077"", ""ELIGIBLE:case_0078"", ""ELIGIBLE:case_0079"", ""ELIGIBLE:case_0080"", ""ELIGIBLE:case_0081"", ""ELIGIBLE:case_0082"", ""ELIGIBLE:case_0083"", ""ELIGIBLE:case_0084"", ""ELIGIBLE:case_0085"", ""ELIGIBLE:case_0086"", ""ELIGIBLE:case_0087"", ""ELIGIBLE:case_0088"", ""ELIGIBLE:case_0089"", ""ELIGIBLE:case_0090"", ""ELIGIBLE:case_0091"", ""ELIGIBLE:case_0092"", ""ELIGIBLE:case_0093"", ""ELIGIBLE:case_0094"", ""ELIGIBLE:case_0095"", ""ELIGIBLE:case_0096"", ""ELIGIBLE:case_0097"", ""ELIGIBLE:case_0098"", ""ELIGIBLE:case_0099"", ""ELIGIBLE:case_0100"", ""ELIGIBLE:case_0101"", ""ELIGIBLE:case_0102"", ""ELIGIBLE:case_0103"", ""ELIGIBLE:case_0104"", ""ELIGIBLE:case_0105"", ""ELIGIBLE:case_0106"", ""ELIGIBLE:case_0107"", ""ELIGIBLE:case_0108"", ""ELIGIBLE:case_0109"", ""ELIGIBLE:case_0110"", ""ELIGIBLE:case_0111"", ""ELIGIBLE:case_0112"", ""ELIGIBLE:case_0113"", ""ELIGIBLE:case_0114"", ""ELIGIBLE:case_0115"", ""ELIGIBLE:case_0116"", ""ELIGIBLE:case_0117"", ""ELIGIBLE:case_0118"", ""ELIGIBLE:case_0119"", ""ELIGIBLE:case_0120"", ""ELIGIBLE:case_0121"", ""ELIGIBLE:case_0122"", ""ELIGIBLE:case_0123"", ""ELIGIBLE:case_0124"", ""ELIGIBLE:case_0125"", ""ELIGIBLE:case_0126"", ""ELIGIBLE:case_0127"", ""ELIGIBLE:case_0128"", ""ELIGIBLE:case_0129"", ""ELIGIBLE:case_0130"", ""ELIGIBLE:case_0131"", ""ELIGIBLE:case_0132"", ""ELIGIBLE:case_0133"", ""ELIGIBLE:case_0134"", ""ELIGIBLE:case_0135"", ""ELIGIBLE:case_0136"", ""ELIGIBLE:case_0137"", ""ELIGIBLE:case_0138"", ""ELIGIBLE:case_0139"", ""ELIGIBLE:case_0140"", ""ELIGIBLE:case_0141"", ""ELIGIBLE:case_0142"", ""ELIGIBLE:case_0143"", ""ELIGIBLE:case_0144"", ""ELIGIBLE:case_0145"", ""ELIGIBLE:case_0146"", ""ELIGIBLE:case_0147"", ""ELIGIBLE:case_0148"", ""ELIGIBLE:case_0149"", ""ELIGIBLE:case_0150"", ""ELIGIBLE:case_0151"", ""ELIGIBLE:case_0152"", ""ELIGIBLE:case_0153"", ""ELIGIBLE:case_0154"", ""ELIGIBLE:case_0155"", ""ELIGIBLE:case_0156"", ""ELIGIBLE:case_0157"", ""ELIGIBLE:case_0158"", ""ELIGIBLE:case_0159"", ""ELIGIBLE:case_0160"", ""ELIGIBLE:case_0161"", ""ELIGIBLE:case_0162"", ""ELIGIBLE:case_0163"", ""ELIGIBLE:case_0164"", ""ELIGIBLE:case_0165"", ""ELIGIBLE:case_0166"", ""ELIGIBLE:case_0167"", ""ELIGIBLE:case_0168"", ""ELIGIBLE:case_0169"", ""ELIGIBLE:case_0170"", ""ELIGIBLE:case_0171"", ""ELIGIBLE:case_0172"", ""ELIGIBLE:case_0173"", ""ELIGIBLE:case_0174"", ""ELIGIBLE:case_0175"", ""ELIGIBLE:case_0176"", ""ELIGIBLE:case_0177"", ""ELIGIBLE:case_0178"", ""ELIGIBLE:case_0179"", ""ELIGIBLE:case_0180"", ""ELIGIBLE:case_0181"", ""ELIGIBLE:case_0182"", ""ELIGIBLE:case_0183"", ""ELIGIBLE:case_0184"", ""ELIGIBLE:case_0185"", ""ELIGIBLE:case_0186"", ""ELIGIBLE:case_0187"", ""ELIGIBLE:case_0188"", ""ELIGIBLE:case_0189"", ""ELIGIBLE:case_0190"", ""ELIGIBLE:case_0191"", ""ELIGIBLE:case_0192"", ""ELIGIBLE:case_0193"", ""ELIGIBLE:case_0194"", ""ELIGIBLE:case_0195"", ""ELIGIBLE:case_0196"", ""ELIGIBLE:case_0197"", ""ELIGIBLE:case_0198"", ""ELIGIBLE:case_0199"", ""ELIGIBLE:case_0200"", ""ELIGIBLE:case_0201"", ""ELIGIBLE:case_0202"", ""ELIGIBLE:case_0203"", ""ELIGIBLE:case_0204"", ""ELIGIBLE:case_0205"", ""ELIGIBLE:case_0206"", ""ELIGIBLE:case_0207"", ""ELIGIBLE:case_0208"", ""ELIGIBLE:case_0209"", ""ELIGIBLE:case_0210"", ""ELIGIBLE:case_0211"", ""ELIGIBLE:case_0212"", ""ELIGIBLE:case_0213"", ""ELIGIBLE:case_0214"", ""ELIGIBLE:case_0215"", ""ELIGIBLE:case_0216"", ""ELIGIBLE:case_0217"", ""ELIGIBLE:case_0218"", ""ELIGIBLE:case_0219"", ""ELIGIBLE:case_0220"", ""ELIGIBLE:case_0221"", ""ELIGIBLE:case_0222"", ""ELIGIBLE:case_0223"", ""ELIGIBLE:case_0224"", ""ELIGIBLE:case_0225"", ""ELIGIBLE:case_0226"", ""ELIGIBLE:case_0227"", ""ELIGIBLE:case_0228"", ""ELIGIBLE:case_0229"", ""ELIGIBLE:case_0230"", ""ELIGIBLE:case_0231"", ""ELIGIBLE:case_0232"", ""ELIGIBLE:case_0233"", ""ELIGIBLE:case_0234"", ""ELIGIBLE:case_0235"", ""ELIGIBLE:case_0236"", ""ELIGIBLE:case_0237"", ""ELIGIBLE:case_0238"", ""ELIGIBLE:case_0239"", ""ELIGIBLE:case_0240"", ""ELIGIBLE:case_0241"", ""ELIGIBLE:case_0242"", ""ELIGIBLE:case_0243"", ""ELIGIBLE:case_0244"", ""ELIGIBLE:case_0245"", ""ELIGIBLE:case_0246"", ""ELIGIBLE:case_0247"", ""ELIGIBLE:case_0248"", ""ELIGIBLE:case_0249"", ""ELIGIBLE:case_0250"", ""ELIGIBLE:case_0251"", ""ELIGIBLE:case_0252"", ""ELIGIBLE:case_0253"", ""ELIGIBLE:case_0254"", ""ELIGIBLE:case_0255""]",Source field layout is represented by the tested JSON-record input validation adapter; native record encoding is outside this mapping.,,"[{""file"": ""processes/example-reuse/synthetic/run-0001/ELIGIBLE/expected.json"", ""kind"": ""frozen_source_expectations"", ""sha256"": ""72fb1cc3d28079c1997cf3e1886f949d093e4a6fc9ceaeb9df3112401f2538e3""}, {""file"": ""processes/example-reuse/synthetic/run-0001/ELIGIBLE/actual-and-comparison.json"", ""kind"": ""reproduced_target_comparison"", ""sha256"": ""e63e2e21489235c788e57313cbf47d45a75d865d76e83922ed40fa77f3b1b3d7""}, {""file"": ""processes/example-reuse/target/run-0001/ELIGIBLE.py"", ""kind"": ""executed_target_version"", ""sha256"": ""d3ee5b44a3fa4e38821cffd8fccd948b80f52e392c69a61c108792206ce67f1f""}]"
LAYOUT.cpy,copybook,497529e46b4badc8d0ef30a1dfafa467105a9ceb6d946f08543a90c5717bd3e6,3,  05 AGE PIC 9(3).,ac53cac6c33c9f7d24485de6ff08877b47703b412349a38072d408446aca11fe,4f3efbd961b7af58414478b8efc78c16efdf1aa72ec3f53497d3a0d56dad8460,3,3,mapped_verified,/workspace/scratch/fa7e706f6ee4/workbench/workbench/reference.py,f0975b5153dad8c8fc817c272c1a08dd99f014e93faa63adda2cf10cc3e843d3,4,13,"[{""end"": 13, ""file"": ""/workspace/scratch/fa7e706f6ee4/workbench/workbench/reference.py"", ""start"": 4, ""version"": ""f0975b5153dad8c8fc817c272c1a08dd99f014e93faa63adda2cf10cc3e843d3""}]","[""ELIGIBLE:case_0000"", ""ELIGIBLE:case_0001"", ""ELIGIBLE:case_0002"", ""ELIGIBLE:case_0003"", ""ELIGIBLE:case_0004"", ""ELIGIBLE:case_0005"", ""ELIGIBLE:case_0006"", ""ELIGIBLE:case_0007"", ""ELIGIBLE:case_0008"", ""ELIGIBLE:case_0009"", ""ELIGIBLE:case_0010"", ""ELIGIBLE:case_0011"", ""ELIGIBLE:case_0012"", ""ELIGIBLE:case_0013"", ""ELIGIBLE:case_0014"", ""ELIGIBLE:case_0015"", ""ELIGIBLE:case_0016"", ""ELIGIBLE:case_0017"", ""ELIGIBLE:case_0018"", ""ELIGIBLE:case_0019"", ""ELIGIBLE:case_0020"", ""ELIGIBLE:case_0021"", ""ELIGIBLE:case_0022"", ""ELIGIBLE:case_0023"", ""ELIGIBLE:case_0024"", ""ELIGIBLE:case_0025"", ""ELIGIBLE:case_0026"", ""ELIGIBLE:case_0027"", ""ELIGIBLE:case_0028"", ""ELIGIBLE:case_0029"", ""ELIGIBLE:case_0030"", ""ELIGIBLE:case_0031"", ""ELIGIBLE:case_0032"", ""ELIGIBLE:case_0033"", ""ELIGIBLE:case_0034"", ""ELIGIBLE:case_0035"", ""ELIGIBLE:case_0036"", ""ELIGIBLE:case_0037"", ""ELIGIBLE:case_0038"", ""ELIGIBLE:case_0039"", ""ELIGIBLE:case_0040"", ""ELIGIBLE:case_0041"", ""ELIGIBLE:case_0042"", ""ELIGIBLE:case_0043"", ""ELIGIBLE:case_0044"", ""ELIGIBLE:case_0045"", ""ELIGIBLE:case_0046"", ""ELIGIBLE:case_0047"", ""ELIGIBLE:case_0048"", ""ELIGIBLE:case_0049"", ""ELIGIBLE:case_0050"", ""ELIGIBLE:case_0051"", ""ELIGIBLE:case_0052"", ""ELIGIBLE:case_0053"", ""ELIGIBLE:case_0054"", ""ELIGIBLE:case_0055"", ""ELIGIBLE:case_0056"", ""ELIGIBLE:case_0057"", ""ELIGIBLE:case_0058"", ""ELIGIBLE:case_0059"", ""ELIGIBLE:case_0060"", ""ELIGIBLE:case_0061"", ""ELIGIBLE:case_0062"", ""ELIGIBLE:case_0063"", ""ELIGIBLE:case_0064"", ""ELIGIBLE:case_0065"", ""ELIGIBLE:case_0066"", ""ELIGIBLE:case_0067"", ""ELIGIBLE:case_0068"", ""ELIGIBLE:case_0069"", ""ELIGIBLE:case_0070"", ""ELIGIBLE:case_0071"", ""ELIGIBLE:case_0072"", ""ELIGIBLE:case_0073"", ""ELIGIBLE:case_0074"", ""ELIGIBLE:case_0075"", ""ELIGIBLE:case_0076"", ""ELIGIBLE:case_0077"", ""ELIGIBLE:case_0078"", ""ELIGIBLE:case_0079"", ""ELIGIBLE:case_0080"", ""ELIGIBLE:case_0081"", ""ELIGIBLE:case_0082"", ""ELIGIBLE:case_0083"", ""ELIGIBLE:case_0084"", ""ELIGIBLE:case_0085"", ""ELIGIBLE:case_0086"", ""ELIGIBLE:case_0087"", ""ELIGIBLE:case_0088"", ""ELIGIBLE:case_0089"", ""ELIGIBLE:case_0090"", ""ELIGIBLE:case_0091"", ""ELIGIBLE:case_0092"", ""ELIGIBLE:case_0093"", ""ELIGIBLE:case_0094"", ""ELIGIBLE:case_0095"", ""ELIGIBLE:case_0096"", ""ELIGIBLE:case_0097"", ""ELIGIBLE:case_0098"", ""ELIGIBLE:case_0099"", ""ELIGIBLE:case_0100"", ""ELIGIBLE:case_0101"", ""ELIGIBLE:case_0102"", ""ELIGIBLE:case_0103"", ""ELIGIBLE:case_0104"", ""ELIGIBLE:case_0105"", ""ELIGIBLE:case_0106"", ""ELIGIBLE:case_0107"", ""ELIGIBLE:case_0108"", ""ELIGIBLE:case_0109"", ""ELIGIBLE:case_0110"", ""ELIGIBLE:case_0111"", ""ELIGIBLE:case_0112"", ""ELIGIBLE:case_0113"", ""ELIGIBLE:case_0114"", ""ELIGIBLE:case_0115"", ""ELIGIBLE:case_0116"", ""ELIGIBLE:case_0117"", ""ELIGIBLE:case_0118"", ""ELIGIBLE:case_0119"", ""ELIGIBLE:case_0120"", ""ELIGIBLE:case_0121"", ""ELIGIBLE:case_0122"", ""ELIGIBLE:case_0123"", ""ELIGIBLE:case_0124"", ""ELIGIBLE:case_0125"", ""ELIGIBLE:case_0126"", ""ELIGIBLE:case_0127"", ""ELIGIBLE:case_0128"", ""ELIGIBLE:case_0129"", ""ELIGIBLE:case_0130"", ""ELIGIBLE:case_0131"", ""ELIGIBLE:case_0132"", ""ELIGIBLE:case_0133"", ""ELIGIBLE:case_0134"", ""ELIGIBLE:case_0135"", ""ELIGIBLE:case_0136"", ""ELIGIBLE:case_0137"", ""ELIGIBLE:case_0138"", ""ELIGIBLE:case_0139"", ""ELIGIBLE:case_0140"", ""ELIGIBLE:case_0141"", ""ELIGIBLE:case_0142"", ""ELIGIBLE:case_0143"", ""ELIGIBLE:case_0144"", ""ELIGIBLE:case_0145"", ""ELIGIBLE:case_0146"", ""ELIGIBLE:case_0147"", ""ELIGIBLE:case_0148"", ""ELIGIBLE:case_0149"", ""ELIGIBLE:case_0150"", ""ELIGIBLE:case_0151"", ""ELIGIBLE:case_0152"", ""ELIGIBLE:case_0153"", ""ELIGIBLE:case_0154"", ""ELIGIBLE:case_0155"", ""ELIGIBLE:case_0156"", ""ELIGIBLE:case_0157"", ""ELIGIBLE:case_0158"", ""ELIGIBLE:case_0159"", ""ELIGIBLE:case_0160"", ""ELIGIBLE:case_0161"", ""ELIGIBLE:case_0162"", ""ELIGIBLE:case_0163"", ""ELIGIBLE:case_0164"", ""ELIGIBLE:case_0165"", ""ELIGIBLE:case_0166"", ""ELIGIBLE:case_0167"", ""ELIGIBLE:case_0168"", ""ELIGIBLE:case_0169"", ""ELIGIBLE:case_0170"", ""ELIGIBLE:case_0171"", ""ELIGIBLE:case_0172"", ""ELIGIBLE:case_0173"", ""ELIGIBLE:case_0174"", ""ELIGIBLE:case_0175"", ""ELIGIBLE:case_0176"", ""ELIGIBLE:case_0177"", ""ELIGIBLE:case_0178"", ""ELIGIBLE:case_0179"", ""ELIGIBLE:case_0180"", ""ELIGIBLE:case_0181"", ""ELIGIBLE:case_0182"", ""ELIGIBLE:case_0183"", ""ELIGIBLE:case_0184"", ""ELIGIBLE:case_0185"", ""ELIGIBLE:case_0186"", ""ELIGIBLE:case_0187"", ""ELIGIBLE:case_0188"", ""ELIGIBLE:case_0189"", ""ELIGIBLE:case_0190"", ""ELIGIBLE:case_0191"", ""ELIGIBLE:case_0192"", ""ELIGIBLE:case_0193"", ""ELIGIBLE:case_0194"", ""ELIGIBLE:case_0195"", ""ELIGIBLE:case_0196"", ""ELIGIBLE:case_0197"", ""ELIGIBLE:case_0198"", ""ELIGIBLE:case_0199"", ""ELIGIBLE:case_0200"", ""ELIGIBLE:case_0201"", ""ELIGIBLE:case_0202"", ""ELIGIBLE:case_0203"", ""ELIGIBLE:case_0204"", ""ELIGIBLE:case_0205"", ""ELIGIBLE:case_0206"", ""ELIGIBLE:case_0207"", ""ELIGIBLE:case_0208"", ""ELIGIBLE:case_0209"", ""ELIGIBLE:case_0210"", ""ELIGIBLE:case_0211"", ""ELIGIBLE:case_0212"", ""ELIGIBLE:case_0213"", ""ELIGIBLE:case_0214"", ""ELIGIBLE:case_0215"", ""ELIGIBLE:case_0216"", ""ELIGIBLE:case_0217"", ""ELIGIBLE:case_0218"", ""ELIGIBLE:case_0219"", ""ELIGIBLE:case_0220"", ""ELIGIBLE:case_0221"", ""ELIGIBLE:case_0222"", ""ELIGIBLE:case_0223"", ""ELIGIBLE:case_0224"", ""ELIGIBLE:case_0225"", ""ELIGIBLE:case_0226"", ""ELIGIBLE:case_0227"", ""ELIGIBLE:case_0228"", ""ELIGIBLE:case_0229"", ""ELIGIBLE:case_0230"", ""ELIGIBLE:case_0231"", ""ELIGIBLE:case_0232"", ""ELIGIBLE:case_0233"", ""ELIGIBLE:case_0234"", ""ELIGIBLE:case_0235"", ""ELIGIBLE:case_0236"", ""ELIGIBLE:case_0237"", ""ELIGIBLE:case_0238"", ""ELIGIBLE:case_0239"", ""ELIGIBLE:case_0240"", ""ELIGIBLE:case_0241"", ""ELIGIBLE:case_0242"", ""ELIGIBLE:case_0243"", ""ELIGIBLE:case_0244"", ""ELIGIBLE:case_0245"", ""ELIGIBLE:case_0246"", ""ELIGIBLE:case_0247"", ""ELIGIBLE:case_0248"", ""ELIGIBLE:case_0249"", ""ELIGIBLE:case_0250"", ""ELIGIBLE:case_0251"", ""ELIGIBLE:case_0252"", ""ELIGIBLE:case_0253"", ""ELIGIBLE:case_0254"", ""ELIGIBLE:case_0255""]",Source field layout is represented by the tested JSON-record input validation adapter; native record encoding is outside this mapping.,,"[{""file"": ""processes/example-reuse/synthetic/run-0001/ELIGIBLE/expected.json"", ""kind"": ""frozen_source_expectations"", ""sha256"": ""72fb1cc3d28079c1997cf3e1886f949d093e4a6fc9ceaeb9df3112401f2538e3""}, {""file"": ""processes/example-reuse/synthetic/run-0001/ELIGIBLE/actual-and-comparison.json"", ""kind"": ""reproduced_target_comparison"", ""sha256"": ""e63e2e21489235c788e57313cbf47d45a75d865d76e83922ed40fa77f3b1b3d7""}, {""file"": ""processes/example-reuse/target/run-0001/ELIGIBLE.py"", ""kind"": ""executed_target_version"", ""sha256"": ""d3ee5b44a3fa4e38821cffd8fccd948b80f52e392c69a61c108792206ce67f1f""}]"
LAYOUT.cpy,copybook,497529e46b4badc8d0ef30a1dfafa467105a9ceb6d946f08543a90c5717bd3e6,4,  05 ACTIVE PIC X.,fcd582aefd52e4cad4cb5fd2386b7402db7be88f78e39cc6fbaaf637431c25f5,7fca13022f54613f35a7d1aeb58e5b8001c993ff188460e51505abb698d9c676,4,4,mapped_verified,/workspace/scratch/fa7e706f6ee4/workbench/workbench/reference.py,f0975b5153dad8c8fc817c272c1a08dd99f014e93faa63adda2cf10cc3e843d3,4,13,"[{""end"": 13, ""file"": ""/workspace/scratch/fa7e706f6ee4/workbench/workbench/reference.py"", ""start"": 4, ""version"": ""f0975b5153dad8c8fc817c272c1a08dd99f014e93faa63adda2cf10cc3e843d3""}]","[""ELIGIBLE:case_0000"", ""ELIGIBLE:case_0001"", ""ELIGIBLE:case_0002"", ""ELIGIBLE:case_0003"", ""ELIGIBLE:case_0004"", ""ELIGIBLE:case_0005"", ""ELIGIBLE:case_0006"", ""ELIGIBLE:case_0007"", ""ELIGIBLE:case_0008"", ""ELIGIBLE:case_0009"", ""ELIGIBLE:case_0010"", ""ELIGIBLE:case_0011"", ""ELIGIBLE:case_0012"", ""ELIGIBLE:case_0013"", ""ELIGIBLE:case_0014"", ""ELIGIBLE:case_0015"", ""ELIGIBLE:case_0016"", ""ELIGIBLE:case_0017"", ""ELIGIBLE:case_0018"", ""ELIGIBLE:case_0019"", ""ELIGIBLE:case_0020"", ""ELIGIBLE:case_0021"", ""ELIGIBLE:case_0022"", ""ELIGIBLE:case_0023"", ""ELIGIBLE:case_0024"", ""ELIGIBLE:case_0025"", ""ELIGIBLE:case_0026"", ""ELIGIBLE:case_0027"", ""ELIGIBLE:case_0028"", ""ELIGIBLE:case_0029"", ""ELIGIBLE:case_0030"", ""ELIGIBLE:case_0031"", ""ELIGIBLE:case_0032"", ""ELIGIBLE:case_0033"", ""ELIGIBLE:case_0034"", ""ELIGIBLE:case_0035"", ""ELIGIBLE:case_0036"", ""ELIGIBLE:case_0037"", ""ELIGIBLE:case_0038"", ""ELIGIBLE:case_0039"", ""ELIGIBLE:case_0040"", ""ELIGIBLE:case_0041"", ""ELIGIBLE:case_0042"", ""ELIGIBLE:case_0043"", ""ELIGIBLE:case_0044"", ""ELIGIBLE:case_0045"", ""ELIGIBLE:case_0046"", ""ELIGIBLE:case_0047"", ""ELIGIBLE:case_0048"", ""ELIGIBLE:case_0049"", ""ELIGIBLE:case_0050"", ""ELIGIBLE:case_0051"", ""ELIGIBLE:case_0052"", ""ELIGIBLE:case_0053"", ""ELIGIBLE:case_0054"", ""ELIGIBLE:case_0055"", ""ELIGIBLE:case_0056"", ""ELIGIBLE:case_0057"", ""ELIGIBLE:case_0058"", ""ELIGIBLE:case_0059"", ""ELIGIBLE:case_0060"", ""ELIGIBLE:case_0061"", ""ELIGIBLE:case_0062"", ""ELIGIBLE:case_0063"", ""ELIGIBLE:case_0064"", ""ELIGIBLE:case_0065"", ""ELIGIBLE:case_0066"", ""ELIGIBLE:case_0067"", ""ELIGIBLE:case_0068"", ""ELIGIBLE:case_0069"", ""ELIGIBLE:case_0070"", ""ELIGIBLE:case_0071"", ""ELIGIBLE:case_0072"", ""ELIGIBLE:case_0073"", ""ELIGIBLE:case_0074"", ""ELIGIBLE:case_0075"", ""ELIGIBLE:case_0076"", ""ELIGIBLE:case_0077"", ""ELIGIBLE:case_0078"", ""ELIGIBLE:case_0079"", ""ELIGIBLE:case_0080"", ""ELIGIBLE:case_0081"", ""ELIGIBLE:case_0082"", ""ELIGIBLE:case_0083"", ""ELIGIBLE:case_0084"", ""ELIGIBLE:case_0085"", ""ELIGIBLE:case_0086"", ""ELIGIBLE:case_0087"", ""ELIGIBLE:case_0088"", ""ELIGIBLE:case_0089"", ""ELIGIBLE:case_0090"", ""ELIGIBLE:case_0091"", ""ELIGIBLE:case_0092"", ""ELIGIBLE:case_0093"", ""ELIGIBLE:case_0094"", ""ELIGIBLE:case_0095"", ""ELIGIBLE:case_0096"", ""ELIGIBLE:case_0097"", ""ELIGIBLE:case_0098"", ""ELIGIBLE:case_0099"", ""ELIGIBLE:case_0100"", ""ELIGIBLE:case_0101"", ""ELIGIBLE:case_0102"", ""ELIGIBLE:case_0103"", ""ELIGIBLE:case_0104"", ""ELIGIBLE:case_0105"", ""ELIGIBLE:case_0106"", ""ELIGIBLE:case_0107"", ""ELIGIBLE:case_0108"", ""ELIGIBLE:case_0109"", ""ELIGIBLE:case_0110"", ""ELIGIBLE:case_0111"", ""ELIGIBLE:case_0112"", ""ELIGIBLE:case_0113"", ""ELIGIBLE:case_0114"", ""ELIGIBLE:case_0115"", ""ELIGIBLE:case_0116"", ""ELIGIBLE:case_0117"", ""ELIGIBLE:case_0118"", ""ELIGIBLE:case_0119"", ""ELIGIBLE:case_0120"", ""ELIGIBLE:case_0121"", ""ELIGIBLE:case_0122"", ""ELIGIBLE:case_0123"", ""ELIGIBLE:case_0124"", ""ELIGIBLE:case_0125"", ""ELIGIBLE:case_0126"", ""ELIGIBLE:case_0127"", ""ELIGIBLE:case_0128"", ""ELIGIBLE:case_0129"", ""ELIGIBLE:case_0130"", ""ELIGIBLE:case_0131"", ""ELIGIBLE:case_0132"", ""ELIGIBLE:case_0133"", ""ELIGIBLE:case_0134"", ""ELIGIBLE:case_0135"", ""ELIGIBLE:case_0136"", ""ELIGIBLE:case_0137"", ""ELIGIBLE:case_0138"", ""ELIGIBLE:case_0139"", ""ELIGIBLE:case_0140"", ""ELIGIBLE:case_0141"", ""ELIGIBLE:case_0142"", ""ELIGIBLE:case_0143"", ""ELIGIBLE:case_0144"", ""ELIGIBLE:case_0145"", ""ELIGIBLE:case_0146"", ""ELIGIBLE:case_0147"", ""ELIGIBLE:case_0148"", ""ELIGIBLE:case_0149"", ""ELIGIBLE:case_0150"", ""ELIGIBLE:case_0151"", ""ELIGIBLE:case_0152"", ""ELIGIBLE:case_0153"", ""ELIGIBLE:case_0154"", ""ELIGIBLE:case_0155"", ""ELIGIBLE:case_0156"", ""ELIGIBLE:case_0157"", ""ELIGIBLE:case_0158"", ""ELIGIBLE:case_0159"", ""ELIGIBLE:case_0160"", ""ELIGIBLE:case_0161"", ""ELIGIBLE:case_0162"", ""ELIGIBLE:case_0163"", ""ELIGIBLE:case_0164"", ""ELIGIBLE:case_0165"", ""ELIGIBLE:case_0166"", ""ELIGIBLE:case_0167"", ""ELIGIBLE:case_0168"", ""ELIGIBLE:case_0169"", ""ELIGIBLE:case_0170"", ""ELIGIBLE:case_0171"", ""ELIGIBLE:case_0172"", ""ELIGIBLE:case_0173"", ""ELIGIBLE:case_0174"", ""ELIGIBLE:case_0175"", ""ELIGIBLE:case_0176"", ""ELIGIBLE:case_0177"", ""ELIGIBLE:case_0178"", ""ELIGIBLE:case_0179"", ""ELIGIBLE:case_0180"", ""ELIGIBLE:case_0181"", ""ELIGIBLE:case_0182"", ""ELIGIBLE:case_0183"", ""ELIGIBLE:case_0184"", ""ELIGIBLE:case_0185"", ""ELIGIBLE:case_0186"", ""ELIGIBLE:case_0187"", ""ELIGIBLE:case_0188"", ""ELIGIBLE:case_0189"", ""ELIGIBLE:case_0190"", ""ELIGIBLE:case_0191"", ""ELIGIBLE:case_0192"", ""ELIGIBLE:case_0193"", ""ELIGIBLE:case_0194"", ""ELIGIBLE:case_0195"", ""ELIGIBLE:case_0196"", ""ELIGIBLE:case_0197"", ""ELIGIBLE:case_0198"", ""ELIGIBLE:case_0199"", ""ELIGIBLE:case_0200"", ""ELIGIBLE:case_0201"", ""ELIGIBLE:case_0202"", ""ELIGIBLE:case_0203"", ""ELIGIBLE:case_0204"", ""ELIGIBLE:case_0205"", ""ELIGIBLE:case_0206"", ""ELIGIBLE:case_0207"", ""ELIGIBLE:case_0208"", ""ELIGIBLE:case_0209"", ""ELIGIBLE:case_0210"", ""ELIGIBLE:case_0211"", ""ELIGIBLE:case_0212"", ""ELIGIBLE:case_0213"", ""ELIGIBLE:case_0214"", ""ELIGIBLE:case_0215"", ""ELIGIBLE:case_0216"", ""ELIGIBLE:case_0217"", ""ELIGIBLE:case_0218"", ""ELIGIBLE:case_0219"", ""ELIGIBLE:case_0220"", ""ELIGIBLE:case_0221"", ""ELIGIBLE:case_0222"", ""ELIGIBLE:case_0223"", ""ELIGIBLE:case_0224"", ""ELIGIBLE:case_0225"", ""ELIGIBLE:case_0226"", ""ELIGIBLE:case_0227"", ""ELIGIBLE:case_0228"", ""ELIGIBLE:case_0229"", ""ELIGIBLE:case_0230"", ""ELIGIBLE:case_0231"", ""ELIGIBLE:case_0232"", ""ELIGIBLE:case_0233"", ""ELIGIBLE:case_0234"", ""ELIGIBLE:case_0235"", ""ELIGIBLE:case_0236"", ""ELIGIBLE:case_0237"", ""ELIGIBLE:case_0238"", ""ELIGIBLE:case_0239"", ""ELIGIBLE:case_0240"", ""ELIGIBLE:case_0241"", ""ELIGIBLE:case_0242"", ""ELIGIBLE:case_0243"", ""ELIGIBLE:case_0244"", ""ELIGIBLE:case_0245"", ""ELIGIBLE:case_0246"", ""ELIGIBLE:case_0247"", ""ELIGIBLE:case_0248"", ""ELIGIBLE:case_0249"", ""ELIGIBLE:case_0250"", ""ELIGIBLE:case_0251"", ""ELIGIBLE:case_0252"", ""ELIGIBLE:case_0253"", ""ELIGIBLE:case_0254"", ""ELIGIBLE:case_0255""]",Source field layout is represented by the tested JSON-record input validation adapter; native record encoding is outside this mapping.,,"[{""file"": ""processes/example-reuse/synthetic/run-0001/ELIGIBLE/expected.json"", ""kind"": ""frozen_source_expectations"", ""sha256"": ""72fb1cc3d28079c1997cf3e1886f949d093e4a6fc9ceaeb9df3112401f2538e3""}, {""file"": ""processes/example-reuse/synthetic/run-0001/ELIGIBLE/actual-and-comparison.json"", ""kind"": ""reproduced_target_comparison"", ""sha256"": ""e63e2e21489235c788e57313cbf47d45a75d865d76e83922ed40fa77f3b1b3d7""}, {""file"": ""processes/example-reuse/target/run-0001/ELIGIBLE.py"", ""kind"": ""executed_target_version"", ""sha256"": ""d3ee5b44a3fa4e38821cffd8fccd948b80f52e392c69a61c108792206ce67f1f""}]"
LAYOUT.cpy,copybook,497529e46b4badc8d0ef30a1dfafa467105a9ceb6d946f08543a90c5717bd3e6,5,01 REFERRAL-RECORD.,a67861c2b9484e4bbc49f62f00322f403c7fd8a9aed8d77574d79a99148b28d0,c30ee261aeff4986a6012d2ca57111b66bc87809072b33a2bfbf87d3926a9e10,5,5,non_executable,,,,,[],[],Copybook group label; individual field mappings are accounted separately.,,[]
LAYOUT.cpy,copybook,497529e46b4badc8d0ef30a1dfafa467105a9ceb6d946f08543a90c5717bd3e6,6,  05 REF-CUSTOMER-ID PIC 9(4).,12dc9ddca20c04b89c5cdcb27689a3d2d08232f7f147cf4fea7df847f7082c3d,80b8e1994a49ce273e69ee45cd3b79a6041d76382a536f214172c1f3ee7bc627,6,6,mapped_verified,/workspace/scratch/fa7e706f6ee4/workbench/workbench/reference.py,f0975b5153dad8c8fc817c272c1a08dd99f014e93faa63adda2cf10cc3e843d3,4,13,"[{""end"": 13, ""file"": ""/workspace/scratch/fa7e706f6ee4/workbench/workbench/reference.py"", ""start"": 4, ""version"": ""f0975b5153dad8c8fc817c272c1a08dd99f014e93faa63adda2cf10cc3e843d3""}]","[""ELIGIBLE:case_0000"", ""ELIGIBLE:case_0001"", ""ELIGIBLE:case_0002"", ""ELIGIBLE:case_0003"", ""ELIGIBLE:case_0004"", ""ELIGIBLE:case_0005"", ""ELIGIBLE:case_0006"", ""ELIGIBLE:case_0007"", ""ELIGIBLE:case_0008"", ""ELIGIBLE:case_0009"", ""ELIGIBLE:case_0010"", ""ELIGIBLE:case_0011"", ""ELIGIBLE:case_0012"", ""ELIGIBLE:case_0013"", ""ELIGIBLE:case_0014"", ""ELIGIBLE:case_0015"", ""ELIGIBLE:case_0016"", ""ELIGIBLE:case_0017"", ""ELIGIBLE:case_0018"", ""ELIGIBLE:case_0019"", ""ELIGIBLE:case_0020"", ""ELIGIBLE:case_0021"", ""ELIGIBLE:case_0022"", ""ELIGIBLE:case_0023"", ""ELIGIBLE:case_0024"", ""ELIGIBLE:case_0025"", ""ELIGIBLE:case_0026"", ""ELIGIBLE:case_0027"", ""ELIGIBLE:case_0028"", ""ELIGIBLE:case_0029"", ""ELIGIBLE:case_0030"", ""ELIGIBLE:case_0031"", ""ELIGIBLE:case_0032"", ""ELIGIBLE:case_0033"", ""ELIGIBLE:case_0034"", ""ELIGIBLE:case_0035"", ""ELIGIBLE:case_0036"", ""ELIGIBLE:case_0037"", ""ELIGIBLE:case_0038"", ""ELIGIBLE:case_0039"", ""ELIGIBLE:case_0040"", ""ELIGIBLE:case_0041"", ""ELIGIBLE:case_0042"", ""ELIGIBLE:case_0043"", ""ELIGIBLE:case_0044"", ""ELIGIBLE:case_0045"", ""ELIGIBLE:case_0046"", ""ELIGIBLE:case_0047"", ""ELIGIBLE:case_0048"", ""ELIGIBLE:case_0049"", ""ELIGIBLE:case_0050"", ""ELIGIBLE:case_0051"", ""ELIGIBLE:case_0052"", ""ELIGIBLE:case_0053"", ""ELIGIBLE:case_0054"", ""ELIGIBLE:case_0055"", ""ELIGIBLE:case_0056"", ""ELIGIBLE:case_0057"", ""ELIGIBLE:case_0058"", ""ELIGIBLE:case_0059"", ""ELIGIBLE:case_0060"", ""ELIGIBLE:case_0061"", ""ELIGIBLE:case_0062"", ""ELIGIBLE:case_0063"", ""ELIGIBLE:case_0064"", ""ELIGIBLE:case_0065"", ""ELIGIBLE:case_0066"", ""ELIGIBLE:case_0067"", ""ELIGIBLE:case_0068"", ""ELIGIBLE:case_0069"", ""ELIGIBLE:case_0070"", ""ELIGIBLE:case_0071"", ""ELIGIBLE:case_0072"", ""ELIGIBLE:case_0073"", ""ELIGIBLE:case_0074"", ""ELIGIBLE:case_0075"", ""ELIGIBLE:case_0076"", ""ELIGIBLE:case_0077"", ""ELIGIBLE:case_0078"", ""ELIGIBLE:case_0079"", ""ELIGIBLE:case_0080"", ""ELIGIBLE:case_0081"", ""ELIGIBLE:case_0082"", ""ELIGIBLE:case_0083"", ""ELIGIBLE:case_0084"", ""ELIGIBLE:case_0085"", ""ELIGIBLE:case_0086"", ""ELIGIBLE:case_0087"", ""ELIGIBLE:case_0088"", ""ELIGIBLE:case_0089"", ""ELIGIBLE:case_0090"", ""ELIGIBLE:case_0091"", ""ELIGIBLE:case_0092"", ""ELIGIBLE:case_0093"", ""ELIGIBLE:case_0094"", ""ELIGIBLE:case_0095"", ""ELIGIBLE:case_0096"", ""ELIGIBLE:case_0097"", ""ELIGIBLE:case_0098"", ""ELIGIBLE:case_0099"", ""ELIGIBLE:case_0100"", ""ELIGIBLE:case_0101"", ""ELIGIBLE:case_0102"", ""ELIGIBLE:case_0103"", ""ELIGIBLE:case_0104"", ""ELIGIBLE:case_0105"", ""ELIGIBLE:case_0106"", ""ELIGIBLE:case_0107"", ""ELIGIBLE:case_0108"", ""ELIGIBLE:case_0109"", ""ELIGIBLE:case_0110"", ""ELIGIBLE:case_0111"", ""ELIGIBLE:case_0112"", ""ELIGIBLE:case_0113"", ""ELIGIBLE:case_0114"", ""ELIGIBLE:case_0115"", ""ELIGIBLE:case_0116"", ""ELIGIBLE:case_0117"", ""ELIGIBLE:case_0118"", ""ELIGIBLE:case_0119"", ""ELIGIBLE:case_0120"", ""ELIGIBLE:case_0121"", ""ELIGIBLE:case_0122"", ""ELIGIBLE:case_0123"", ""ELIGIBLE:case_0124"", ""ELIGIBLE:case_0125"", ""ELIGIBLE:case_0126"", ""ELIGIBLE:case_0127"", ""ELIGIBLE:case_0128"", ""ELIGIBLE:case_0129"", ""ELIGIBLE:case_0130"", ""ELIGIBLE:case_0131"", ""ELIGIBLE:case_0132"", ""ELIGIBLE:case_0133"", ""ELIGIBLE:case_0134"", ""ELIGIBLE:case_0135"", ""ELIGIBLE:case_0136"", ""ELIGIBLE:case_0137"", ""ELIGIBLE:case_0138"", ""ELIGIBLE:case_0139"", ""ELIGIBLE:case_0140"", ""ELIGIBLE:case_0141"", ""ELIGIBLE:case_0142"", ""ELIGIBLE:case_0143"", ""ELIGIBLE:case_0144"", ""ELIGIBLE:case_0145"", ""ELIGIBLE:case_0146"", ""ELIGIBLE:case_0147"", ""ELIGIBLE:case_0148"", ""ELIGIBLE:case_0149"", ""ELIGIBLE:case_0150"", ""ELIGIBLE:case_0151"", ""ELIGIBLE:case_0152"", ""ELIGIBLE:case_0153"", ""ELIGIBLE:case_0154"", ""ELIGIBLE:case_0155"", ""ELIGIBLE:case_0156"", ""ELIGIBLE:case_0157"", ""ELIGIBLE:case_0158"", ""ELIGIBLE:case_0159"", ""ELIGIBLE:case_0160"", ""ELIGIBLE:case_0161"", ""ELIGIBLE:case_0162"", ""ELIGIBLE:case_0163"", ""ELIGIBLE:case_0164"", ""ELIGIBLE:case_0165"", ""ELIGIBLE:case_0166"", ""ELIGIBLE:case_0167"", ""ELIGIBLE:case_0168"", ""ELIGIBLE:case_0169"", ""ELIGIBLE:case_0170"", ""ELIGIBLE:case_0171"", ""ELIGIBLE:case_0172"", ""ELIGIBLE:case_0173"", ""ELIGIBLE:case_0174"", ""ELIGIBLE:case_0175"", ""ELIGIBLE:case_0176"", ""ELIGIBLE:case_0177"", ""ELIGIBLE:case_0178"", ""ELIGIBLE:case_0179"", ""ELIGIBLE:case_0180"", ""ELIGIBLE:case_0181"", ""ELIGIBLE:case_0182"", ""ELIGIBLE:case_0183"", ""ELIGIBLE:case_0184"", ""ELIGIBLE:case_0185"", ""ELIGIBLE:case_0186"", ""ELIGIBLE:case_0187"", ""ELIGIBLE:case_0188"", ""ELIGIBLE:case_0189"", ""ELIGIBLE:case_0190"", ""ELIGIBLE:case_0191"", ""ELIGIBLE:case_0192"", ""ELIGIBLE:case_0193"", ""ELIGIBLE:case_0194"", ""ELIGIBLE:case_0195"", ""ELIGIBLE:case_0196"", ""ELIGIBLE:case_0197"", ""ELIGIBLE:case_0198"", ""ELIGIBLE:case_0199"", ""ELIGIBLE:case_0200"", ""ELIGIBLE:case_0201"", ""ELIGIBLE:case_0202"", ""ELIGIBLE:case_0203"", ""ELIGIBLE:case_0204"", ""ELIGIBLE:case_0205"", ""ELIGIBLE:case_0206"", ""ELIGIBLE:case_0207"", ""ELIGIBLE:case_0208"", ""ELIGIBLE:case_0209"", ""ELIGIBLE:case_0210"", ""ELIGIBLE:case_0211"", ""ELIGIBLE:case_0212"", ""ELIGIBLE:case_0213"", ""ELIGIBLE:case_0214"", ""ELIGIBLE:case_0215"", ""ELIGIBLE:case_0216"", ""ELIGIBLE:case_0217"", ""ELIGIBLE:case_0218"", ""ELIGIBLE:case_0219"", ""ELIGIBLE:case_0220"", ""ELIGIBLE:case_0221"", ""ELIGIBLE:case_0222"", ""ELIGIBLE:case_0223"", ""ELIGIBLE:case_0224"", ""ELIGIBLE:case_0225"", ""ELIGIBLE:case_0226"", ""ELIGIBLE:case_0227"", ""ELIGIBLE:case_0228"", ""ELIGIBLE:case_0229"", ""ELIGIBLE:case_0230"", ""ELIGIBLE:case_0231"", ""ELIGIBLE:case_0232"", ""ELIGIBLE:case_0233"", ""ELIGIBLE:case_0234"", ""ELIGIBLE:case_0235"", ""ELIGIBLE:case_0236"", ""ELIGIBLE:case_0237"", ""ELIGIBLE:case_0238"", ""ELIGIBLE:case_0239"", ""ELIGIBLE:case_0240"", ""ELIGIBLE:case_0241"", ""ELIGIBLE:case_0242"", ""ELIGIBLE:case_0243"", ""ELIGIBLE:case_0244"", ""ELIGIBLE:case_0245"", ""ELIGIBLE:case_0246"", ""ELIGIBLE:case_0247"", ""ELIGIBLE:case_0248"", ""ELIGIBLE:case_0249"", ""ELIGIBLE:case_0250"", ""ELIGIBLE:case_0251"", ""ELIGIBLE:case_0252"", ""ELIGIBLE:case_0253"", ""ELIGIBLE:case_0254"", ""ELIGIBLE:case_0255""]",Source field layout is represented by the tested JSON-record input validation adapter; native record encoding is outside this mapping.,,"[{""file"": ""processes/example-reuse/synthetic/run-0001/ELIGIBLE/expected.json"", ""kind"": ""frozen_source_expectations"", ""sha256"": ""72fb1cc3d28079c1997cf3e1886f949d093e4a6fc9ceaeb9df3112401f2538e3""}, {""file"": ""processes/example-reuse/synthetic/run-0001/ELIGIBLE/actual-and-comparison.json"", ""kind"": ""reproduced_target_comparison"", ""sha256"": ""e63e2e21489235c788e57313cbf47d45a75d865d76e83922ed40fa77f3b1b3d7""}, {""file"": ""processes/example-reuse/target/run-0001/ELIGIBLE.py"", ""kind"": ""executed_target_version"", ""sha256"": ""d3ee5b44a3fa4e38821cffd8fccd948b80f52e392c69a61c108792206ce67f1f""}]"
LAYOUT.cpy,copybook,497529e46b4badc8d0ef30a1dfafa467105a9ceb6d946f08543a90c5717bd3e6,7,  05 AMOUNT PIC 9(5).,07a0d73b3bfcd40354269f73cec1dfd06591e807ee1db28b0c2e58ab2db692e4,78f9019a44081c5d962a639eb9b4f9cafd75f371797679968bcd97c59f9ac0be,7,7,mapped_verified,/workspace/scratch/fa7e706f6ee4/workbench/workbench/reference.py,f0975b5153dad8c8fc817c272c1a08dd99f014e93faa63adda2cf10cc3e843d3,4,13,"[{""end"": 13, ""file"": ""/workspace/scratch/fa7e706f6ee4/workbench/workbench/reference.py"", ""start"": 4, ""version"": ""f0975b5153dad8c8fc817c272c1a08dd99f014e93faa63adda2cf10cc3e843d3""}]","[""ELIGIBLE:case_0000"", ""ELIGIBLE:case_0001"", ""ELIGIBLE:case_0002"", ""ELIGIBLE:case_0003"", ""ELIGIBLE:case_0004"", ""ELIGIBLE:case_0005"", ""ELIGIBLE:case_0006"", ""ELIGIBLE:case_0007"", ""ELIGIBLE:case_0008"", ""ELIGIBLE:case_0009"", ""ELIGIBLE:case_0010"", ""ELIGIBLE:case_0011"", ""ELIGIBLE:case_0012"", ""ELIGIBLE:case_0013"", ""ELIGIBLE:case_0014"", ""ELIGIBLE:case_0015"", ""ELIGIBLE:case_0016"", ""ELIGIBLE:case_0017"", ""ELIGIBLE:case_0018"", ""ELIGIBLE:case_0019"", ""ELIGIBLE:case_0020"", ""ELIGIBLE:case_0021"", ""ELIGIBLE:case_0022"", ""ELIGIBLE:case_0023"", ""ELIGIBLE:case_0024"", ""ELIGIBLE:case_0025"", ""ELIGIBLE:case_0026"", ""ELIGIBLE:case_0027"", ""ELIGIBLE:case_0028"", ""ELIGIBLE:case_0029"", ""ELIGIBLE:case_0030"", ""ELIGIBLE:case_0031"", ""ELIGIBLE:case_0032"", ""ELIGIBLE:case_0033"", ""ELIGIBLE:case_0034"", ""ELIGIBLE:case_0035"", ""ELIGIBLE:case_0036"", ""ELIGIBLE:case_0037"", ""ELIGIBLE:case_0038"", ""ELIGIBLE:case_0039"", ""ELIGIBLE:case_0040"", ""ELIGIBLE:case_0041"", ""ELIGIBLE:case_0042"", ""ELIGIBLE:case_0043"", ""ELIGIBLE:case_0044"", ""ELIGIBLE:case_0045"", ""ELIGIBLE:case_0046"", ""ELIGIBLE:case_0047"", ""ELIGIBLE:case_0048"", ""ELIGIBLE:case_0049"", ""ELIGIBLE:case_0050"", ""ELIGIBLE:case_0051"", ""ELIGIBLE:case_0052"", ""ELIGIBLE:case_0053"", ""ELIGIBLE:case_0054"", ""ELIGIBLE:case_0055"", ""ELIGIBLE:case_0056"", ""ELIGIBLE:case_0057"", ""ELIGIBLE:case_0058"", ""ELIGIBLE:case_0059"", ""ELIGIBLE:case_0060"", ""ELIGIBLE:case_0061"", ""ELIGIBLE:case_0062"", ""ELIGIBLE:case_0063"", ""ELIGIBLE:case_0064"", ""ELIGIBLE:case_0065"", ""ELIGIBLE:case_0066"", ""ELIGIBLE:case_0067"", ""ELIGIBLE:case_0068"", ""ELIGIBLE:case_0069"", ""ELIGIBLE:case_0070"", ""ELIGIBLE:case_0071"", ""ELIGIBLE:case_0072"", ""ELIGIBLE:case_0073"", ""ELIGIBLE:case_0074"", ""ELIGIBLE:case_0075"", ""ELIGIBLE:case_0076"", ""ELIGIBLE:case_0077"", ""ELIGIBLE:case_0078"", ""ELIGIBLE:case_0079"", ""ELIGIBLE:case_0080"", ""ELIGIBLE:case_0081"", ""ELIGIBLE:case_0082"", ""ELIGIBLE:case_0083"", ""ELIGIBLE:case_0084"", ""ELIGIBLE:case_0085"", ""ELIGIBLE:case_0086"", ""ELIGIBLE:case_0087"", ""ELIGIBLE:case_0088"", ""ELIGIBLE:case_0089"", ""ELIGIBLE:case_0090"", ""ELIGIBLE:case_0091"", ""ELIGIBLE:case_0092"", ""ELIGIBLE:case_0093"", ""ELIGIBLE:case_0094"", ""ELIGIBLE:case_0095"", ""ELIGIBLE:case_0096"", ""ELIGIBLE:case_0097"", ""ELIGIBLE:case_0098"", ""ELIGIBLE:case_0099"", ""ELIGIBLE:case_0100"", ""ELIGIBLE:case_0101"", ""ELIGIBLE:case_0102"", ""ELIGIBLE:case_0103"", ""ELIGIBLE:case_0104"", ""ELIGIBLE:case_0105"", ""ELIGIBLE:case_0106"", ""ELIGIBLE:case_0107"", ""ELIGIBLE:case_0108"", ""ELIGIBLE:case_0109"", ""ELIGIBLE:case_0110"", ""ELIGIBLE:case_0111"", ""ELIGIBLE:case_0112"", ""ELIGIBLE:case_0113"", ""ELIGIBLE:case_0114"", ""ELIGIBLE:case_0115"", ""ELIGIBLE:case_0116"", ""ELIGIBLE:case_0117"", ""ELIGIBLE:case_0118"", ""ELIGIBLE:case_0119"", ""ELIGIBLE:case_0120"", ""ELIGIBLE:case_0121"", ""ELIGIBLE:case_0122"", ""ELIGIBLE:case_0123"", ""ELIGIBLE:case_0124"", ""ELIGIBLE:case_0125"", ""ELIGIBLE:case_0126"", ""ELIGIBLE:case_0127"", ""ELIGIBLE:case_0128"", ""ELIGIBLE:case_0129"", ""ELIGIBLE:case_0130"", ""ELIGIBLE:case_0131"", ""ELIGIBLE:case_0132"", ""ELIGIBLE:case_0133"", ""ELIGIBLE:case_0134"", ""ELIGIBLE:case_0135"", ""ELIGIBLE:case_0136"", ""ELIGIBLE:case_0137"", ""ELIGIBLE:case_0138"", ""ELIGIBLE:case_0139"", ""ELIGIBLE:case_0140"", ""ELIGIBLE:case_0141"", ""ELIGIBLE:case_0142"", ""ELIGIBLE:case_0143"", ""ELIGIBLE:case_0144"", ""ELIGIBLE:case_0145"", ""ELIGIBLE:case_0146"", ""ELIGIBLE:case_0147"", ""ELIGIBLE:case_0148"", ""ELIGIBLE:case_0149"", ""ELIGIBLE:case_0150"", ""ELIGIBLE:case_0151"", ""ELIGIBLE:case_0152"", ""ELIGIBLE:case_0153"", ""ELIGIBLE:case_0154"", ""ELIGIBLE:case_0155"", ""ELIGIBLE:case_0156"", ""ELIGIBLE:case_0157"", ""ELIGIBLE:case_0158"", ""ELIGIBLE:case_0159"", ""ELIGIBLE:case_0160"", ""ELIGIBLE:case_0161"", ""ELIGIBLE:case_0162"", ""ELIGIBLE:case_0163"", ""ELIGIBLE:case_0164"", ""ELIGIBLE:case_0165"", ""ELIGIBLE:case_0166"", ""ELIGIBLE:case_0167"", ""ELIGIBLE:case_0168"", ""ELIGIBLE:case_0169"", ""ELIGIBLE:case_0170"", ""ELIGIBLE:case_0171"", ""ELIGIBLE:case_0172"", ""ELIGIBLE:case_0173"", ""ELIGIBLE:case_0174"", ""ELIGIBLE:case_0175"", ""ELIGIBLE:case_0176"", ""ELIGIBLE:case_0177"", ""ELIGIBLE:case_0178"", ""ELIGIBLE:case_0179"", ""ELIGIBLE:case_0180"", ""ELIGIBLE:case_0181"", ""ELIGIBLE:case_0182"", ""ELIGIBLE:case_0183"", ""ELIGIBLE:case_0184"", ""ELIGIBLE:case_0185"", ""ELIGIBLE:case_0186"", ""ELIGIBLE:case_0187"", ""ELIGIBLE:case_0188"", ""ELIGIBLE:case_0189"", ""ELIGIBLE:case_0190"", ""ELIGIBLE:case_0191"", ""ELIGIBLE:case_0192"", ""ELIGIBLE:case_0193"", ""ELIGIBLE:case_0194"", ""ELIGIBLE:case_0195"", ""ELIGIBLE:case_0196"", ""ELIGIBLE:case_0197"", ""ELIGIBLE:case_0198"", ""ELIGIBLE:case_0199"", ""ELIGIBLE:case_0200"", ""ELIGIBLE:case_0201"", ""ELIGIBLE:case_0202"", ""ELIGIBLE:case_0203"", ""ELIGIBLE:case_0204"", ""ELIGIBLE:case_0205"", ""ELIGIBLE:case_0206"", ""ELIGIBLE:case_0207"", ""ELIGIBLE:case_0208"", ""ELIGIBLE:case_0209"", ""ELIGIBLE:case_0210"", ""ELIGIBLE:case_0211"", ""ELIGIBLE:case_0212"", ""ELIGIBLE:case_0213"", ""ELIGIBLE:case_0214"", ""ELIGIBLE:case_0215"", ""ELIGIBLE:case_0216"", ""ELIGIBLE:case_0217"", ""ELIGIBLE:case_0218"", ""ELIGIBLE:case_0219"", ""ELIGIBLE:case_0220"", ""ELIGIBLE:case_0221"", ""ELIGIBLE:case_0222"", ""ELIGIBLE:case_0223"", ""ELIGIBLE:case_0224"", ""ELIGIBLE:case_0225"", ""ELIGIBLE:case_0226"", ""ELIGIBLE:case_0227"", ""ELIGIBLE:case_0228"", ""ELIGIBLE:case_0229"", ""ELIGIBLE:case_0230"", ""ELIGIBLE:case_0231"", ""ELIGIBLE:case_0232"", ""ELIGIBLE:case_0233"", ""ELIGIBLE:case_0234"", ""ELIGIBLE:case_0235"", ""ELIGIBLE:case_0236"", ""ELIGIBLE:case_0237"", ""ELIGIBLE:case_0238"", ""ELIGIBLE:case_0239"", ""ELIGIBLE:case_0240"", ""ELIGIBLE:case_0241"", ""ELIGIBLE:case_0242"", ""ELIGIBLE:case_0243"", ""ELIGIBLE:case_0244"", ""ELIGIBLE:case_0245"", ""ELIGIBLE:case_0246"", ""ELIGIBLE:case_0247"", ""ELIGIBLE:case_0248"", ""ELIGIBLE:case_0249"", ""ELIGIBLE:case_0250"", ""ELIGIBLE:case_0251"", ""ELIGIBLE:case_0252"", ""ELIGIBLE:case_0253"", ""ELIGIBLE:case_0254"", ""ELIGIBLE:case_0255""]",Source field layout is represented by the tested JSON-record input validation adapter; native record encoding is outside this mapping.,,"[{""file"": ""processes/example-reuse/synthetic/run-0001/ELIGIBLE/expected.json"", ""kind"": ""frozen_source_expectations"", ""sha256"": ""72fb1cc3d28079c1997cf3e1886f949d093e4a6fc9ceaeb9df3112401f2538e3""}, {""file"": ""processes/example-reuse/synthetic/run-0001/ELIGIBLE/actual-and-comparison.json"", ""kind"": ""reproduced_target_comparison"", ""sha256"": ""e63e2e21489235c788e57313cbf47d45a75d865d76e83922ed40fa77f3b1b3d7""}, {""file"": ""processes/example-reuse/target/run-0001/ELIGIBLE.py"", ""kind"": ""executed_target_version"", ""sha256"": ""d3ee5b44a3fa4e38821cffd8fccd948b80f52e392c69a61c108792206ce67f1f""}]"
LAYOUT.cpy,copybook,497529e46b4badc8d0ef30a1dfafa467105a9ceb6d946f08543a90c5717bd3e6,8,  05 DECISION PIC X.,af0a986ea40adfe882c05f37d4fbb843ce88d6bad1e4d0349501aa4cd61b3c88,52ea6c1dc906b16d86a9dba73d462cb24f6a46fdf5f6e8e2f83c83dcc0104bfa,8,8,mapped_verified,/workspace/scratch/fa7e706f6ee4/workbench/workbench/reference.py,f0975b5153dad8c8fc817c272c1a08dd99f014e93faa63adda2cf10cc3e843d3,4,13,"[{""end"": 13, ""file"": ""/workspace/scratch/fa7e706f6ee4/workbench/workbench/reference.py"", ""start"": 4, ""version"": ""f0975b5153dad8c8fc817c272c1a08dd99f014e93faa63adda2cf10cc3e843d3""}]","[""ELIGIBLE:case_0000"", ""ELIGIBLE:case_0001"", ""ELIGIBLE:case_0002"", ""ELIGIBLE:case_0003"", ""ELIGIBLE:case_0004"", ""ELIGIBLE:case_0005"", ""ELIGIBLE:case_0006"", ""ELIGIBLE:case_0007"", ""ELIGIBLE:case_0008"", ""ELIGIBLE:case_0009"", ""ELIGIBLE:case_0010"", ""ELIGIBLE:case_0011"", ""ELIGIBLE:case_0012"", ""ELIGIBLE:case_0013"", ""ELIGIBLE:case_0014"", ""ELIGIBLE:case_0015"", ""ELIGIBLE:case_0016"", ""ELIGIBLE:case_0017"", ""ELIGIBLE:case_0018"", ""ELIGIBLE:case_0019"", ""ELIGIBLE:case_0020"", ""ELIGIBLE:case_0021"", ""ELIGIBLE:case_0022"", ""ELIGIBLE:case_0023"", ""ELIGIBLE:case_0024"", ""ELIGIBLE:case_0025"", ""ELIGIBLE:case_0026"", ""ELIGIBLE:case_0027"", ""ELIGIBLE:case_0028"", ""ELIGIBLE:case_0029"", ""ELIGIBLE:case_0030"", ""ELIGIBLE:case_0031"", ""ELIGIBLE:case_0032"", ""ELIGIBLE:case_0033"", ""ELIGIBLE:case_0034"", ""ELIGIBLE:case_0035"", ""ELIGIBLE:case_0036"", ""ELIGIBLE:case_0037"", ""ELIGIBLE:case_0038"", ""ELIGIBLE:case_0039"", ""ELIGIBLE:case_0040"", ""ELIGIBLE:case_0041"", ""ELIGIBLE:case_0042"", ""ELIGIBLE:case_0043"", ""ELIGIBLE:case_0044"", ""ELIGIBLE:case_0045"", ""ELIGIBLE:case_0046"", ""ELIGIBLE:case_0047"", ""ELIGIBLE:case_0048"", ""ELIGIBLE:case_0049"", ""ELIGIBLE:case_0050"", ""ELIGIBLE:case_0051"", ""ELIGIBLE:case_0052"", ""ELIGIBLE:case_0053"", ""ELIGIBLE:case_0054"", ""ELIGIBLE:case_0055"", ""ELIGIBLE:case_0056"", ""ELIGIBLE:case_0057"", ""ELIGIBLE:case_0058"", ""ELIGIBLE:case_0059"", ""ELIGIBLE:case_0060"", ""ELIGIBLE:case_0061"", ""ELIGIBLE:case_0062"", ""ELIGIBLE:case_0063"", ""ELIGIBLE:case_0064"", ""ELIGIBLE:case_0065"", ""ELIGIBLE:case_0066"", ""ELIGIBLE:case_0067"", ""ELIGIBLE:case_0068"", ""ELIGIBLE:case_0069"", ""ELIGIBLE:case_0070"", ""ELIGIBLE:case_0071"", ""ELIGIBLE:case_0072"", ""ELIGIBLE:case_0073"", ""ELIGIBLE:case_0074"", ""ELIGIBLE:case_0075"", ""ELIGIBLE:case_0076"", ""ELIGIBLE:case_0077"", ""ELIGIBLE:case_0078"", ""ELIGIBLE:case_0079"", ""ELIGIBLE:case_0080"", ""ELIGIBLE:case_0081"", ""ELIGIBLE:case_0082"", ""ELIGIBLE:case_0083"", ""ELIGIBLE:case_0084"", ""ELIGIBLE:case_0085"", ""ELIGIBLE:case_0086"", ""ELIGIBLE:case_0087"", ""ELIGIBLE:case_0088"", ""ELIGIBLE:case_0089"", ""ELIGIBLE:case_0090"", ""ELIGIBLE:case_0091"", ""ELIGIBLE:case_0092"", ""ELIGIBLE:case_0093"", ""ELIGIBLE:case_0094"", ""ELIGIBLE:case_0095"", ""ELIGIBLE:case_0096"", ""ELIGIBLE:case_0097"", ""ELIGIBLE:case_0098"", ""ELIGIBLE:case_0099"", ""ELIGIBLE:case_0100"", ""ELIGIBLE:case_0101"", ""ELIGIBLE:case_0102"", ""ELIGIBLE:case_0103"", ""ELIGIBLE:case_0104"", ""ELIGIBLE:case_0105"", ""ELIGIBLE:case_0106"", ""ELIGIBLE:case_0107"", ""ELIGIBLE:case_0108"", ""ELIGIBLE:case_0109"", ""ELIGIBLE:case_0110"", ""ELIGIBLE:case_0111"", ""ELIGIBLE:case_0112"", ""ELIGIBLE:case_0113"", ""ELIGIBLE:case_0114"", ""ELIGIBLE:case_0115"", ""ELIGIBLE:case_0116"", ""ELIGIBLE:case_0117"", ""ELIGIBLE:case_0118"", ""ELIGIBLE:case_0119"", ""ELIGIBLE:case_0120"", ""ELIGIBLE:case_0121"", ""ELIGIBLE:case_0122"", ""ELIGIBLE:case_0123"", ""ELIGIBLE:case_0124"", ""ELIGIBLE:case_0125"", ""ELIGIBLE:case_0126"", ""ELIGIBLE:case_0127"", ""ELIGIBLE:case_0128"", ""ELIGIBLE:case_0129"", ""ELIGIBLE:case_0130"", ""ELIGIBLE:case_0131"", ""ELIGIBLE:case_0132"", ""ELIGIBLE:case_0133"", ""ELIGIBLE:case_0134"", ""ELIGIBLE:case_0135"", ""ELIGIBLE:case_0136"", ""ELIGIBLE:case_0137"", ""ELIGIBLE:case_0138"", ""ELIGIBLE:case_0139"", ""ELIGIBLE:case_0140"", ""ELIGIBLE:case_0141"", ""ELIGIBLE:case_0142"", ""ELIGIBLE:case_0143"", ""ELIGIBLE:case_0144"", ""ELIGIBLE:case_0145"", ""ELIGIBLE:case_0146"", ""ELIGIBLE:case_0147"", ""ELIGIBLE:case_0148"", ""ELIGIBLE:case_0149"", ""ELIGIBLE:case_0150"", ""ELIGIBLE:case_0151"", ""ELIGIBLE:case_0152"", ""ELIGIBLE:case_0153"", ""ELIGIBLE:case_0154"", ""ELIGIBLE:case_0155"", ""ELIGIBLE:case_0156"", ""ELIGIBLE:case_0157"", ""ELIGIBLE:case_0158"", ""ELIGIBLE:case_0159"", ""ELIGIBLE:case_0160"", ""ELIGIBLE:case_0161"", ""ELIGIBLE:case_0162"", ""ELIGIBLE:case_0163"", ""ELIGIBLE:case_0164"", ""ELIGIBLE:case_0165"", ""ELIGIBLE:case_0166"", ""ELIGIBLE:case_0167"", ""ELIGIBLE:case_0168"", ""ELIGIBLE:case_0169"", ""ELIGIBLE:case_0170"", ""ELIGIBLE:case_0171"", ""ELIGIBLE:case_0172"", ""ELIGIBLE:case_0173"", ""ELIGIBLE:case_0174"", ""ELIGIBLE:case_0175"", ""ELIGIBLE:case_0176"", ""ELIGIBLE:case_0177"", ""ELIGIBLE:case_0178"", ""ELIGIBLE:case_0179"", ""ELIGIBLE:case_0180"", ""ELIGIBLE:case_0181"", ""ELIGIBLE:case_0182"", ""ELIGIBLE:case_0183"", ""ELIGIBLE:case_0184"", ""ELIGIBLE:case_0185"", ""ELIGIBLE:case_0186"", ""ELIGIBLE:case_0187"", ""ELIGIBLE:case_0188"", ""ELIGIBLE:case_0189"", ""ELIGIBLE:case_0190"", ""ELIGIBLE:case_0191"", ""ELIGIBLE:case_0192"", ""ELIGIBLE:case_0193"", ""ELIGIBLE:case_0194"", ""ELIGIBLE:case_0195"", ""ELIGIBLE:case_0196"", ""ELIGIBLE:case_0197"", ""ELIGIBLE:case_0198"", ""ELIGIBLE:case_0199"", ""ELIGIBLE:case_0200"", ""ELIGIBLE:case_0201"", ""ELIGIBLE:case_0202"", ""ELIGIBLE:case_0203"", ""ELIGIBLE:case_0204"", ""ELIGIBLE:case_0205"", ""ELIGIBLE:case_0206"", ""ELIGIBLE:case_0207"", ""ELIGIBLE:case_0208"", ""ELIGIBLE:case_0209"", ""ELIGIBLE:case_0210"", ""ELIGIBLE:case_0211"", ""ELIGIBLE:case_0212"", ""ELIGIBLE:case_0213"", ""ELIGIBLE:case_0214"", ""ELIGIBLE:case_0215"", ""ELIGIBLE:case_0216"", ""ELIGIBLE:case_0217"", ""ELIGIBLE:case_0218"", ""ELIGIBLE:case_0219"", ""ELIGIBLE:case_0220"", ""ELIGIBLE:case_0221"", ""ELIGIBLE:case_0222"", ""ELIGIBLE:case_0223"", ""ELIGIBLE:case_0224"", ""ELIGIBLE:case_0225"", ""ELIGIBLE:case_0226"", ""ELIGIBLE:case_0227"", ""ELIGIBLE:case_0228"", ""ELIGIBLE:case_0229"", ""ELIGIBLE:case_0230"", ""ELIGIBLE:case_0231"", ""ELIGIBLE:case_0232"", ""ELIGIBLE:case_0233"", ""ELIGIBLE:case_0234"", ""ELIGIBLE:case_0235"", ""ELIGIBLE:case_0236"", ""ELIGIBLE:case_0237"", ""ELIGIBLE:case_0238"", ""ELIGIBLE:case_0239"", ""ELIGIBLE:case_0240"", ""ELIGIBLE:case_0241"", ""ELIGIBLE:case_0242"", ""ELIGIBLE:case_0243"", ""ELIGIBLE:case_0244"", ""ELIGIBLE:case_0245"", ""ELIGIBLE:case_0246"", ""ELIGIBLE:case_0247"", ""ELIGIBLE:case_0248"", ""ELIGIBLE:case_0249"", ""ELIGIBLE:case_0250"", ""ELIGIBLE:case_0251"", ""ELIGIBLE:case_0252"", ""ELIGIBLE:case_0253"", ""ELIGIBLE:case_0254"", ""ELIGIBLE:case_0255""]",Source field layout is represented by the tested JSON-record input validation adapter; native record encoding is outside this mapping.,,"[{""file"": ""processes/example-reuse/synthetic/run-0001/ELIGIBLE/expected.json"", ""kind"": ""frozen_source_expectations"", ""sha256"": ""72fb1cc3d28079c1997cf3e1886f949d093e4a6fc9ceaeb9df3112401f2538e3""}, {""file"": ""processes/example-reuse/synthetic/run-0001/ELIGIBLE/actual-and-comparison.json"", ""kind"": ""reproduced_target_comparison"", ""sha256"": ""e63e2e21489235c788e57313cbf47d45a75d865d76e83922ed40fa77f3b1b3d7""}, {""file"": ""processes/example-reuse/target/run-0001/ELIGIBLE.py"", ""kind"": ""executed_target_version"", ""sha256"": ""d3ee5b44a3fa4e38821cffd8fccd948b80f52e392c69a61c108792206ce67f1f""}]"
REFJOB.jcl,jcl_job,e41cfef80e3ced4344667ff15cbeb27dedc3621d2973a23868a473379c6bbb3a,1,"//REFJOB JOB (TEST),'FICTIONAL'",a5402a3046093a508a7c2b7fdde9d11b4a7d2dc1c16ebc8dda835a983e7d20b9,4e0fb3b3339543df0da4ca91692328c134752fe8223b029c7a87d7e45094b964,1,1,platform_replaced_verified,processes/example-reuse/target/run-0001/jobs.py,ad3bf7bda73288958917a3f64867ae66f6b9c26b67cc0f924ebe0c363a861be2,2,12,"[{""end"": 12, ""file"": ""processes/example-reuse/target/run-0001/jobs.py"", ""start"": 2, ""version"": ""ad3bf7bda73288958917a3f64867ae66f6b9c26b67cc0f924ebe0c363a861be2""}]","[""ordered_record_adapter_baseline""]",One reproduced ordered JSON-record adapter job baseline; native scheduler and dataset I/O are not reproduced. This maps only the declared run unit; no external scheduler/submission/restart parity is claimed.,Declared JCL job identity and ordered run-unit dispatch map to the named Python job function; source accounting metadata is preserved in the immutable source inventory.,"[{""file"": ""processes/example-reuse/target/run-0001/job-comparison.json"", ""kind"": ""reproduced_job_comparison"", ""sha256"": ""732a6d8339c24367063420d7568968f4ce172a2e6e74160be9b1c26e3746d0a9""}]"
REFJOB.jcl,jcl_job,e41cfef80e3ced4344667ff15cbeb27dedc3621d2973a23868a473379c6bbb3a,2,//CHECK EXEC PGM=ELIGIBLE,e6be64d0274b00eb561984fc7de338f617433b417aa84e77cd6beeaaf83b0cda,2afcff0c1daac42ebf9d57422bde072db250127d82876a7002448f9fa80807b4,2,2,mapped_verified,processes/example-reuse/target/run-0001/jobs.py,ad3bf7bda73288958917a3f64867ae66f6b9c26b67cc0f924ebe0c363a861be2,5,11,"[{""end"": 11, ""file"": ""processes/example-reuse/target/run-0001/jobs.py"", ""start"": 5, ""version"": ""ad3bf7bda73288958917a3f64867ae66f6b9c26b67cc0f924ebe0c363a861be2""}]","[""ordered_record_adapter_baseline""]",One reproduced ordered JSON-record adapter job baseline; native scheduler and dataset I/O are not reproduced.,,"[{""file"": ""processes/example-reuse/target/run-0001/job-comparison.json"", ""kind"": ""reproduced_job_comparison"", ""sha256"": ""732a6d8339c24367063420d7568968f4ce172a2e6e74160be9b1c26e3746d0a9""}]"
REFJOB.jcl,jcl_job,e41cfef80e3ced4344667ff15cbeb27dedc3621d2973a23868a473379c6bbb3a,3,//* RECORD-ADAPTER DEMO: INPUT GROUPS ARE PROVIDED LOCALLY.,f43986ec654335ae6f477ffe7a0644e9656b60bab84043fc2f7bf686cfd59e8f,673c5c201c382f6f14e59425034779347f5b826a983210d7654c1ce8868f0934,3,3,non_executable,,,,,[],[],Blank line or source comment; preserved without executable conversion credit.,,[]
REFJOB.jcl,jcl_job,e41cfef80e3ced4344667ff15cbeb27dedc3621d2973a23868a473379c6bbb3a,4,//* NATIVE DD/DATASET IO IS TESTED AS A BLOCKED CASE IN THE SUITE.,8a20a1206926e2504baf2d09afc9a937bffd1255e384d3296509f9a79d89514e,ce8ea0527d93631709ac965cb5c7d7eac7da97289d80ec96e984c20566a46312,4,4,non_executable,,,,,[],[],Blank line or source comment; preserved without executable conversion credit.,,[]
